IPN,Digi-Key Part Number,Manufacturer Part Number,Manufacturer,Description,Library Ref,Library Path,Footprint Ref,Footprint Path,Footprint Ref 2,Footprint Path 2,Footprint Ref 3,Footprint Path 3,Series,Value,Capacitance,Tolerance,Voltage - Rated,Temperature Coefficient,Operating Temperature,Mounting Type,Package / Case,Size / Dimension,Thickness (Max)
CAP-MUR-GRN-0805-00001,490-6445-1-ND,GRM2165C2A102JA01D,Murata Electronics,CAP CER 1000PF 100V C0G/NP0 0805,Capacitor,SchLib\Capacitor.SchLib,0805_CAPC2012X13N,PcbLib\Capacitor.PcbLib,0805_CAPC2012X13L,PcbLib\Capacitor.PcbLib,0805_CAPC2012X13M,PcbLib\Capacitor.PcbLib,GRM,1000pF,1000pF,5.00%,100V,"C0G, NP0",-55°C ~ 125°C,"Surface Mount, MLCC",0805 (2012 Metric),"0.079"" L x 0.049"" W (2.00mm x 1.25mm)","0.028"" (0.70mm)"
CAP-MUR-GRN-0805-00002,490-13368-1-ND,GRM2165C2A182JA01D,Murata Electronics,CAP CER 1800PF 100V C0G/NP0 0805,Capacitor,SchLib\Capacitor.SchLib,0805_CAPC2012X13N,PcbLib\Capacitor.PcbLib,0805_CAPC2012X13L,PcbLib\Capacitor.PcbLib,0805_CAPC2012X13M,PcbLib\Capacitor.PcbLib,GRM,1800pF,1800pF,5.00%,100V,"C0G, NP0",-55°C ~ 125°C,"Surface Mount, MLCC",0805 (2012 Metric),"0.079"" L x 0.049"" W (2.00mm x 1.25mm)","0.028"" (0.70mm)"
CAP-MUR-GRN-0805-00003,490-12745-1-ND,GRM2165C2A162JA01D,Murata Electronics,CAP CER 1600PF 100V C0G/NP0 0805,Capacitor,SchLib\Capacitor.SchLib,0805_CAPC2012X13N,PcbLib\Capacitor.PcbLib,0805_CAPC2012X13L,PcbLib\Capacitor.PcbLib,0805_CAPC2012X13M,PcbLib\Capacitor.PcbLib,GRM,1600pF,1600pF,5.00%,100V,"C0G, NP0",-55°C ~ 125°C,"Surface Mount, MLCC",0805 (2012 Metric),"0.079"" L x 0.049"" W (2.00mm x 1.25mm)","0.028"" (0.70mm)"
CAP-MUR-GRN-0805-00004,490-8290-1-ND,GRM2165C2A132JA01D,Murata Electronics,CAP CER 1300PF 100V C0G/NP0 0805,Capacitor,SchLib\Capacitor.SchLib,0805_CAPC2012X13N,PcbLib\Capacitor.PcbLib,0805_CAPC2012X13L,PcbLib\Capacitor.PcbLib,0805_CAPC2012X13M,PcbLib\Capacitor.PcbLib,GRM,1300pF,1300pF,5.00%,100V,"C0G, NP0",-55°C ~ 125°C,"Surface Mount, MLCC",0805 (2012 Metric),"0.079"" L x 0.049"" W (2.00mm x 1.25mm)","0.028"" (0.70mm)"
CAP-MUR-GRN-0805-00005,490-11552-1-ND,GRM2165C2A152JA01D,Murata Electronics,CAP CER 1500PF 100V C0G/NP0 0805,Capacitor,SchLib\Capacitor.SchLib,0805_CAPC2012X13N,PcbLib\Capacitor.PcbLib,0805_CAPC2012X13L,PcbLib\Capacitor.PcbLib,0805_CAPC2012X13M,PcbLib\Capacitor.PcbLib,GRM,1500pF,1500pF,5.00%,100V,"C0G, NP0",-55°C ~ 125°C,"Surface Mount, MLCC",0805 (2012 Metric),"0.079"" L x 0.049"" W (2.00mm x 1.25mm)","0.028"" (0.70mm)"
CAP-MUR-GRN-0805-00006,490-14381-1-ND,GRM21BR71A106KA73K,Murata Electronics,CAP CER 10UF 10V X7R 0805,Capacitor,SchLib\Capacitor.SchLib,0805_CAPC2012X13N,PcbLib\Capacitor.PcbLib,0805_CAPC2012X13L,PcbLib\Capacitor.PcbLib,0805_CAPC2012X13M,PcbLib\Capacitor.PcbLib,GRM,10uF,10uF,10.00%,10V,X7R,-55°C ~ 125°C,"Surface Mount, MLCC",0805 (2012 Metric),"0.079"" L x 0.049"" W (2.00mm x 1.25mm)","0.055"" (1.40mm)"
CAP-MUR-GRN-0805-00007,490-1630-1-ND,GRM2165C1H272JA01D,Murata Electronics,CAP CER 2700PF 50V C0G/NP0 0805,Capacitor,SchLib\Capacitor.SchLib,0805_CAPC2012X13N,PcbLib\Capacitor.PcbLib,0805_CAPC2012X13L,PcbLib\Capacitor.PcbLib,0805_CAPC2012X13M,PcbLib\Capacitor.PcbLib,GRM,2700pF,2700pF,5.00%,50V,"C0G, NP0",-55°C ~ 125°C,"Surface Mount, MLCC",0805 (2012 Metric),"0.079"" L x 0.049"" W (2.00mm x 1.25mm)","0.028"" (0.70mm)"
CAP-MUR-GRN-0805-00008,490-6448-1-ND,GRM2165C2A222JA01D,Murata Electronics,CAP CER 2200PF 100V C0G/NP0 0805,Capacitor,SchLib\Capacitor.SchLib,0805_CAPC2012X13N,PcbLib\Capacitor.PcbLib,0805_CAPC2012X13L,PcbLib\Capacitor.PcbLib,0805_CAPC2012X13M,PcbLib\Capacitor.PcbLib,GRM,2200pF,2200pF,5.00%,100V,"C0G, NP0",-55°C ~ 125°C,"Surface Mount, MLCC",0805 (2012 Metric),"0.079"" L x 0.049"" W (2.00mm x 1.25mm)","0.028"" (0.70mm)"
CAP-MUR-GRN-0805-00009,490-6447-1-ND,GRM2165C2A202JA01D,Murata Electronics,CAP CER 2000PF 100V C0G/NP0 0805,Capacitor,SchLib\Capacitor.SchLib,0805_CAPC2012X13N,PcbLib\Capacitor.PcbLib,0805_CAPC2012X13L,PcbLib\Capacitor.PcbLib,0805_CAPC2012X13M,PcbLib\Capacitor.PcbLib,GRM,2000pF,2000pF,5.00%,100V,"C0G, NP0",-55°C ~ 125°C,"Surface Mount, MLCC",0805 (2012 Metric),"0.079"" L x 0.049"" W (2.00mm x 1.25mm)","0.028"" (0.70mm)"
CAP-MUR-GRN-0805-00010,490-14466-1-ND,GRM21BR71C475KE51L,Murata Electronics,CAP CER 4.7UF 16V X7R 0805,Capacitor,SchLib\Capacitor.SchLib,0805_CAPC2012X13N,PcbLib\Capacitor.PcbLib,0805_CAPC2012X13L,PcbLib\Capacitor.PcbLib,0805_CAPC2012X13M,PcbLib\Capacitor.PcbLib,GRM,4.7uF,4.7uF,10.00%,16V,X7R,-55°C ~ 125°C,"Surface Mount, MLCC",0805 (2012 Metric),"0.079"" L x 0.049"" W (2.00mm x 1.25mm)","0.055"" (1.40mm)"
CAP-MUR-GRN-0805-00011,490-1632-1-ND,GRM2165C1H332JA01D,Murata Electronics,CAP CER 3300PF 50V C0G/NP0 0805,Capacitor,SchLib\Capacitor.SchLib,0805_CAPC2012X13N,PcbLib\Capacitor.PcbLib,0805_CAPC2012X13L,PcbLib\Capacitor.PcbLib,0805_CAPC2012X13M,PcbLib\Capacitor.PcbLib,GRM,3300pF,3300pF,5.00%,50V,"C0G, NP0",-55°C ~ 125°C,"Surface Mount, MLCC",0805 (2012 Metric),"0.079"" L x 0.049"" W (2.00mm x 1.25mm)","0.028"" (0.70mm)"
CAP-MUR-GRN-0805-00012,490-1631-1-ND,GRM2165C1H302JA01D,Murata Electronics,CAP CER 3000PF 50V C0G/NP0 0805,Capacitor,SchLib\Capacitor.SchLib,0805_CAPC2012X13N,PcbLib\Capacitor.PcbLib,0805_CAPC2012X13L,PcbLib\Capacitor.PcbLib,0805_CAPC2012X13M,PcbLib\Capacitor.PcbLib,GRM,3000pF,3000pF,5.00%,50V,"C0G, NP0",-55°C ~ 125°C,"Surface Mount, MLCC",0805 (2012 Metric),"0.079"" L x 0.049"" W (2.00mm x 1.25mm)","0.028"" (0.70mm)"
CAP-MUR-GRN-0805-00013,490-10516-1-ND,GRM21BR71A106KA73L,Murata Electronics,CAP CER 10UF 10V X7R 0805,Capacitor,SchLib\Capacitor.SchLib,0805_CAPC2012X13N,PcbLib\Capacitor.PcbLib,0805_CAPC2012X13L,PcbLib\Capacitor.PcbLib,0805_CAPC2012X13M,PcbLib\Capacitor.PcbLib,GRM,10uF,10uF,10.00%,10V,X7R,-55°C ~ 125°C,"Surface Mount, MLCC",0805 (2012 Metric),"0.079"" L x 0.049"" W (2.00mm x 1.25mm)","0.055"" (1.40mm)"
CAP-MUR-GRN-0805-00014,490-10517-1-ND,GRM21BR71A106MA73L,Murata Electronics,CAP CER 10UF 10V X7R 0805,Capacitor,SchLib\Capacitor.SchLib,0805_CAPC2012X13N,PcbLib\Capacitor.PcbLib,0805_CAPC2012X13L,PcbLib\Capacitor.PcbLib,0805_CAPC2012X13M,PcbLib\Capacitor.PcbLib,GRM,10uF,10uF,20.00%,10V,X7R,-55°C ~ 125°C,"Surface Mount, MLCC",0805 (2012 Metric),"0.079"" L x 0.049"" W (2.00mm x 1.25mm)","0.055"" (1.40mm)"
CAP-MUR-GRN-0805-00015,490-3045-1-ND,GRM2165C1H392JA01D,Murata Electronics,CAP CER 3900PF 50V C0G/NP0 0805,Capacitor,SchLib\Capacitor.SchLib,0805_CAPC2012X13N,PcbLib\Capacitor.PcbLib,0805_CAPC2012X13L,PcbLib\Capacitor.PcbLib,0805_CAPC2012X13M,PcbLib\Capacitor.PcbLib,GRM,3900pF,3900pF,5.00%,50V,"C0G, NP0",-55°C ~ 125°C,"Surface Mount, MLCC",0805 (2012 Metric),"0.079"" L x 0.049"" W (2.00mm x 1.25mm)","0.028"" (0.70mm)"
CAP-MUR-GRN-0805-00016,490-3044-1-ND,GRM2165C1H472JA01D,Murata Electronics,CAP CER 4700PF 50V C0G/NP0 0805,Capacitor,SchLib\Capacitor.SchLib,0805_CAPC2012X13N,PcbLib\Capacitor.PcbLib,0805_CAPC2012X13L,PcbLib\Capacitor.PcbLib,0805_CAPC2012X13M,PcbLib\Capacitor.PcbLib,GRM,4700pF,4700pF,5.00%,50V,"C0G, NP0",-55°C ~ 125°C,"Surface Mount, MLCC",0805 (2012 Metric),"0.079"" L x 0.049"" W (2.00mm x 1.25mm)","0.028"" (0.70mm)"
CAP-MUR-GRN-0805-00017,490-14467-1-ND,GRM21BR71E225KE11L,Murata Electronics,CAP CER 2.2UF 25V X7R 0805,Capacitor,SchLib\Capacitor.SchLib,0805_CAPC2012X13N,PcbLib\Capacitor.PcbLib,0805_CAPC2012X13L,PcbLib\Capacitor.PcbLib,0805_CAPC2012X13M,PcbLib\Capacitor.PcbLib,GRM,2.2uF,2.2uF,10.00%,25V,X7R,-55°C ~ 125°C,"Surface Mount, MLCC",0805 (2012 Metric),"0.079"" L x 0.049"" W (2.00mm x 1.25mm)","0.055"" (1.40mm)"
CAP-MUR-GRN-0805-00018,490-10495-1-ND,GRM219R7YA105MA12D,Murata Electronics,CAP CER 1UF 35V X7R 0805,Capacitor,SchLib\Capacitor.SchLib,0805_CAPC2012X13N,PcbLib\Capacitor.PcbLib,0805_CAPC2012X13L,PcbLib\Capacitor.PcbLib,0805_CAPC2012X13M,PcbLib\Capacitor.PcbLib,GRM,1uF,1uF,20.00%,35V,X7R,-55°C ~ 125°C,"Surface Mount, MLCC",0805 (2012 Metric),"0.079"" L x 0.049"" W (2.00mm x 1.25mm)","0.037"" (0.95mm)"
CAP-MUR-GRN-0805-00019,490-1634-1-ND,GRM2195C1H472JA01D,Murata Electronics,CAP CER 4700PF 50V C0G/NP0 0805,Capacitor,SchLib\Capacitor.SchLib,0805_CAPC2012X13N,PcbLib\Capacitor.PcbLib,0805_CAPC2012X13L,PcbLib\Capacitor.PcbLib,0805_CAPC2012X13M,PcbLib\Capacitor.PcbLib,GRM,4700pF,4700pF,5.00%,50V,"C0G, NP0",-55°C ~ 125°C,"Surface Mount, MLCC",0805 (2012 Metric),"0.079"" L x 0.049"" W (2.00mm x 1.25mm)","0.037"" (0.95mm)"
CAP-MUR-GRN-0805-00020,490-8291-1-ND,GRM2165C2A332JA01D,Murata Electronics,CAP CER 3300PF 100V C0G/NP0 0805,Capacitor,SchLib\Capacitor.SchLib,0805_CAPC2012X13N,PcbLib\Capacitor.PcbLib,0805_CAPC2012X13L,PcbLib\Capacitor.PcbLib,0805_CAPC2012X13M,PcbLib\Capacitor.PcbLib,GRM,3300pF,3300pF,5.00%,100V,"C0G, NP0",-55°C ~ 125°C,"Surface Mount, MLCC",0805 (2012 Metric),"0.079"" L x 0.049"" W (2.00mm x 1.25mm)","0.028"" (0.70mm)"
CAP-MUR-GRN-0805-00021,490-1636-1-ND,GRM2195C1H562JA01D,Murata Electronics,CAP CER 5600PF 50V C0G/NP0 0805,Capacitor,SchLib\Capacitor.SchLib,0805_CAPC2012X13N,PcbLib\Capacitor.PcbLib,0805_CAPC2012X13L,PcbLib\Capacitor.PcbLib,0805_CAPC2012X13M,PcbLib\Capacitor.PcbLib,GRM,5600pF,5600pF,5.00%,50V,"C0G, NP0",-55°C ~ 125°C,"Surface Mount, MLCC",0805 (2012 Metric),"0.079"" L x 0.049"" W (2.00mm x 1.25mm)","0.037"" (0.95mm)"
CAP-MUR-GRN-0805-00022,490-1635-1-ND,GRM2195C1H512JA01D,Murata Electronics,CAP CER 5100PF 50V C0G/NP0 0805,Capacitor,SchLib\Capacitor.SchLib,0805_CAPC2012X13N,PcbLib\Capacitor.PcbLib,0805_CAPC2012X13L,PcbLib\Capacitor.PcbLib,0805_CAPC2012X13M,PcbLib\Capacitor.PcbLib,GRM,5100pF,5100pF,5.00%,50V,"C0G, NP0",-55°C ~ 125°C,"Surface Mount, MLCC",0805 (2012 Metric),"0.079"" L x 0.049"" W (2.00mm x 1.25mm)","0.037"" (0.95mm)"
CAP-MUR-GRN-0805-00023,490-12753-1-ND,GRM219R61E475KA73D,Murata Electronics,CAP CER 4.7UF 25V X5R 0805,Capacitor,SchLib\Capacitor.SchLib,0805_CAPC2012X13N,PcbLib\Capacitor.PcbLib,0805_CAPC2012X13L,PcbLib\Capacitor.PcbLib,0805_CAPC2012X13M,PcbLib\Capacitor.PcbLib,GRM,4.7uF,4.7uF,10.00%,25V,X5R,-55°C ~ 85°C,"Surface Mount, MLCC",0805 (2012 Metric),"0.079"" L x 0.049"" W (2.00mm x 1.25mm)","0.037"" (0.95mm)"
CAP-MUR-GRN-0805-00024,490-10494-1-ND,GRM219R7YA105KA12D,Murata Electronics,CAP CER 1UF 35V X7R 0805,Capacitor,SchLib\Capacitor.SchLib,0805_CAPC2012X13N,PcbLib\Capacitor.PcbLib,0805_CAPC2012X13L,PcbLib\Capacitor.PcbLib,0805_CAPC2012X13M,PcbLib\Capacitor.PcbLib,GRM,1uF,1uF,10.00%,35V,X7R,-55°C ~ 125°C,"Surface Mount, MLCC",0805 (2012 Metric),"0.079"" L x 0.049"" W (2.00mm x 1.25mm)","0.037"" (0.95mm)"
CAP-MUR-GRN-0805-00025,490-7208-1-ND,GRM219R6YA475KA73D,Murata Electronics,CAP CER 4.7UF 35V X5R 0805,Capacitor,SchLib\Capacitor.SchLib,0805_CAPC2012X13N,PcbLib\Capacitor.PcbLib,0805_CAPC2012X13L,PcbLib\Capacitor.PcbLib,0805_CAPC2012X13M,PcbLib\Capacitor.PcbLib,GRM,4.7uF,4.7uF,10.00%,35V,X5R,-55°C ~ 85°C,"Surface Mount, MLCC",0805 (2012 Metric),"0.079"" L x 0.049"" W (2.01mm x 1.25mm)","0.037"" (0.95mm)"
CAP-MUR-GRN-0805-00026,490-9671-1-ND,GRM219R6YA475MA73D,Murata Electronics,CAP CER 4.7UF 35V X5R 0805,Capacitor,SchLib\Capacitor.SchLib,0805_CAPC2012X13N,PcbLib\Capacitor.PcbLib,0805_CAPC2012X13L,PcbLib\Capacitor.PcbLib,0805_CAPC2012X13M,PcbLib\Capacitor.PcbLib,GRM,4.7uF,4.7uF,20.00%,35V,X5R,-55°C ~ 85°C,"Surface Mount, MLCC",0805 (2012 Metric),"0.079"" L x 0.049"" W (2.00mm x 1.25mm)","0.037"" (0.95mm)"
CAP-MUR-GRN-0805-00027,490-10748-1-ND,GRM21BR61E106MA73L,Murata Electronics,CAP CER 10UF 25V X5R 0805,Capacitor,SchLib\Capacitor.SchLib,0805_CAPC2012X13N,PcbLib\Capacitor.PcbLib,0805_CAPC2012X13L,PcbLib\Capacitor.PcbLib,0805_CAPC2012X13M,PcbLib\Capacitor.PcbLib,GRM,10uF,10uF,20.00%,25V,X5R,-55°C ~ 85°C,"Surface Mount, MLCC",0805 (2012 Metric),"0.079"" L x 0.049"" W (2.00mm x 1.25mm)","0.055"" (1.40mm)"
CAP-MUR-GRN-0805-00028,490-10499-1-ND,GRM21BC81C106ME15L,Murata Electronics,CAP CER 10UF 16V X6S 0805,Capacitor,SchLib\Capacitor.SchLib,0805_CAPC2012X13N,PcbLib\Capacitor.PcbLib,0805_CAPC2012X13L,PcbLib\Capacitor.PcbLib,0805_CAPC2012X13M,PcbLib\Capacitor.PcbLib,GRM,10uF,10uF,20.00%,16V,X6S,-55°C ~ 105°C,"Surface Mount, MLCC",0805 (2012 Metric),"0.079"" L x 0.049"" W (2.00mm x 1.25mm)","0.053"" (1.35mm)"
CAP-MUR-GRN-0805-00029,490-10498-1-ND,GRM21BC81C106KE15L,Murata Electronics,CAP CER 10UF 16V X6S 0805,Capacitor,SchLib\Capacitor.SchLib,0805_CAPC2012X13N,PcbLib\Capacitor.PcbLib,0805_CAPC2012X13L,PcbLib\Capacitor.PcbLib,0805_CAPC2012X13M,PcbLib\Capacitor.PcbLib,GRM,10uF,10uF,10.00%,16V,X6S,-55°C ~ 105°C,"Surface Mount, MLCC",0805 (2012 Metric),"0.079"" L x 0.049"" W (2.00mm x 1.25mm)","0.053"" (1.35mm)"
CAP-MUR-GRN-0805-00030,490-6473-1-ND,GRM21BR61C106KE15K,Murata Electronics,CAP CER 10UF 16V X5R 0805,Capacitor,SchLib\Capacitor.SchLib,0805_CAPC2012X13N,PcbLib\Capacitor.PcbLib,0805_CAPC2012X13L,PcbLib\Capacitor.PcbLib,0805_CAPC2012X13M,PcbLib\Capacitor.PcbLib,GRM,10uF,10uF,10.00%,16V,X5R,-55°C ~ 85°C,"Surface Mount, MLCC",0805 (2012 Metric),"0.079"" L x 0.049"" W (2.00mm x 1.25mm)","0.053"" (1.35mm)"
CAP-MUR-GRN-0805-00031,490-3325-1-ND,GRM21BR72A473KA01L,Murata Electronics,CAP CER 0.047UF 100V X7R 0805,Capacitor,SchLib\Capacitor.SchLib,0805_CAPC2012X13N,PcbLib\Capacitor.PcbLib,0805_CAPC2012X13L,PcbLib\Capacitor.PcbLib,0805_CAPC2012X13M,PcbLib\Capacitor.PcbLib,GRM,0.047uF,0.047uF,10.00%,100V,X7R,-55°C ~ 125°C,"Surface Mount, MLCC",0805 (2012 Metric),"0.079"" L x 0.049"" W (2.00mm x 1.25mm)","0.053"" (1.35mm)"
CAP-MUR-GRN-0805-00032,490-1638-1-ND,GRM2195C1H682JA01D,Murata Electronics,CAP CER 6800PF 50V C0G/NP0 0805,Capacitor,SchLib\Capacitor.SchLib,0805_CAPC2012X13N,PcbLib\Capacitor.PcbLib,0805_CAPC2012X13L,PcbLib\Capacitor.PcbLib,0805_CAPC2012X13M,PcbLib\Capacitor.PcbLib,GRM,6800pF,6800pF,5.00%,50V,"C0G, NP0",-55°C ~ 125°C,"Surface Mount, MLCC",0805 (2012 Metric),"0.079"" L x 0.049"" W (2.00mm x 1.25mm)","0.037"" (0.95mm)"
CAP-MUR-GRN-0805-00033,490-14649-1-ND,GRM21A5C2D100JW01D,Murata Electronics,CAP CER 10PF 200V C0G/NP0 0805,Capacitor,SchLib\Capacitor.SchLib,0805_CAPC2012X13N,PcbLib\Capacitor.PcbLib,0805_CAPC2012X13L,PcbLib\Capacitor.PcbLib,0805_CAPC2012X13M,PcbLib\Capacitor.PcbLib,GRM,10pF,10pF,5.00%,200V,"C0G, NP0",-55°C ~ 125°C,"Surface Mount, MLCC",0805 (2012 Metric),"0.079"" L x 0.049"" W (2.00mm x 1.25mm)","0.051"" (1.30mm)"
CAP-MUR-GRN-0805-00034,490-14653-1-ND,GRM21A5C2D470JW01D,Murata Electronics,CAP CER 47PF 200V C0G/NP0 0805,Capacitor,SchLib\Capacitor.SchLib,0805_CAPC2012X13N,PcbLib\Capacitor.PcbLib,0805_CAPC2012X13L,PcbLib\Capacitor.PcbLib,0805_CAPC2012X13M,PcbLib\Capacitor.PcbLib,GRM,47pF,47pF,5.00%,200V,"C0G, NP0",-55°C ~ 125°C,"Surface Mount, MLCC",0805 (2012 Metric),"0.079"" L x 0.049"" W (2.00mm x 1.25mm)","0.051"" (1.30mm)"
CAP-MUR-GRN-0805-00035,490-14654-1-ND,GRM21A5C2E331JW01D,Murata Electronics,CAP CER 330PF 250V C0G/NP0 0805,Capacitor,SchLib\Capacitor.SchLib,0805_CAPC2012X13N,PcbLib\Capacitor.PcbLib,0805_CAPC2012X13L,PcbLib\Capacitor.PcbLib,0805_CAPC2012X13M,PcbLib\Capacitor.PcbLib,GRM,330pF,330pF,5.00%,250V,"C0G, NP0",-55°C ~ 125°C,"Surface Mount, MLCC",0805 (2012 Metric),"0.079"" L x 0.049"" W (2.00mm x 1.25mm)","0.051"" (1.30mm)"
CAP-MUR-GRN-0805-00036,490-13371-1-ND,GRM21A5C2E221JW01D,Murata Electronics,CAP CER 220PF 250V C0G/NP0 0805,Capacitor,SchLib\Capacitor.SchLib,0805_CAPC2012X13N,PcbLib\Capacitor.PcbLib,0805_CAPC2012X13L,PcbLib\Capacitor.PcbLib,0805_CAPC2012X13M,PcbLib\Capacitor.PcbLib,GRM,220pF,220pF,5.00%,250V,"C0G, NP0",-55°C ~ 125°C,"Surface Mount, MLCC",0805 (2012 Metric),"0.079"" L x 0.049"" W (2.00mm x 1.25mm)","0.051"" (1.30mm)"
CAP-MUR-GRN-0805-00037,490-14652-1-ND,GRM21A5C2D390JW01D,Murata Electronics,CAP CER 39PF 200V C0G/NP0 0805,Capacitor,SchLib\Capacitor.SchLib,0805_CAPC2012X13N,PcbLib\Capacitor.PcbLib,0805_CAPC2012X13L,PcbLib\Capacitor.PcbLib,0805_CAPC2012X13M,PcbLib\Capacitor.PcbLib,GRM,39pF,39pF,5.00%,200V,"C0G, NP0",-55°C ~ 125°C,"Surface Mount, MLCC",0805 (2012 Metric),"0.079"" L x 0.049"" W (2.00mm x 1.25mm)","0.051"" (1.30mm)"
CAP-MUR-GRN-0805-00038,490-16815-1-ND,GRM21A5C2D101JW01D,Murata Electronics,CAP CER 100PF 200V NP0 0805,Capacitor,SchLib\Capacitor.SchLib,0805_CAPC2012X13N,PcbLib\Capacitor.PcbLib,0805_CAPC2012X13L,PcbLib\Capacitor.PcbLib,0805_CAPC2012X13M,PcbLib\Capacitor.PcbLib,GRM,100pF,100pF,5.00%,200V,"C0G, NP0",-55°C ~ 125°C,"Surface Mount, MLCC",0805 (2012 Metric),"0.079"" L x 0.049"" W (2.00mm x 1.25mm)","0.051"" (1.30mm)"
CAP-MUR-GRN-0805-00039,490-16817-1-ND,GRM21A5C2D271JW01D,Murata Electronics,CAP CER 270PF 200V NP0 0805,Capacitor,SchLib\Capacitor.SchLib,0805_CAPC2012X13N,PcbLib\Capacitor.PcbLib,0805_CAPC2012X13L,PcbLib\Capacitor.PcbLib,0805_CAPC2012X13M,PcbLib\Capacitor.PcbLib,GRM,270pF,270pF,5.00%,200V,"C0G, NP0",-55°C ~ 125°C,"Surface Mount, MLCC",0805 (2012 Metric),"0.079"" L x 0.049"" W (2.00mm x 1.25mm)","0.051"" (1.30mm)"
CAP-MUR-GRN-0805-00040,490-16819-1-ND,GRM21A5C2E271JW01D,Murata Electronics,CAP CER 270PF 250V NP0 0805,Capacitor,SchLib\Capacitor.SchLib,0805_CAPC2012X13N,PcbLib\Capacitor.PcbLib,0805_CAPC2012X13L,PcbLib\Capacitor.PcbLib,0805_CAPC2012X13M,PcbLib\Capacitor.PcbLib,GRM,270pF,270pF,5.00%,250V,"C0G, NP0",-55°C ~ 125°C,"Surface Mount, MLCC",0805 (2012 Metric),"0.079"" L x 0.049"" W (2.00mm x 1.25mm)","0.051"" (1.30mm)"
CAP-MUR-GRN-0805-00041,490-17850-1-ND,GRM21A5C2D150JW01D,Murata Electronics,CAP CER 15PF 200V NP0 0805,Capacitor,SchLib\Capacitor.SchLib,0805_CAPC2012X13N,PcbLib\Capacitor.PcbLib,0805_CAPC2012X13L,PcbLib\Capacitor.PcbLib,0805_CAPC2012X13M,PcbLib\Capacitor.PcbLib,GRM,15pF,15pF,5.00%,200V,"C0G, NP0",-55°C ~ 125°C,"Surface Mount, MLCC",0805 (2012 Metric),"0.079"" L x 0.049"" W (2.00mm x 1.25mm)","0.051"" (1.30mm)"
CAP-MUR-GRN-0805-00042,490-1637-1-ND,GRM2195C1H622JA01D,Murata Electronics,CAP CER 6200PF 50V C0G/NP0 0805,Capacitor,SchLib\Capacitor.SchLib,0805_CAPC2012X13N,PcbLib\Capacitor.PcbLib,0805_CAPC2012X13L,PcbLib\Capacitor.PcbLib,0805_CAPC2012X13M,PcbLib\Capacitor.PcbLib,GRM,6200pF,6200pF,5.00%,50V,"C0G, NP0",-55°C ~ 125°C,"Surface Mount, MLCC",0805 (2012 Metric),"0.079"" L x 0.049"" W (2.00mm x 1.25mm)","0.037"" (0.95mm)"
CAP-MUR-GRN-0805-00043,490-5535-1-ND,GRM21A5C2E270JW01D,Murata Electronics,CAP CER 27PF 250V C0G/NP0 0805,Capacitor,SchLib\Capacitor.SchLib,0805_CAPC2012X13N,PcbLib\Capacitor.PcbLib,0805_CAPC2012X13L,PcbLib\Capacitor.PcbLib,0805_CAPC2012X13M,PcbLib\Capacitor.PcbLib,GRM,27pF,27pF,5.00%,250V,"C0G, NP0",-55°C ~ 125°C,"Surface Mount, MLCC",0805 (2012 Metric),"0.079"" L x 0.049"" W (2.00mm x 1.25mm)","0.039"" (1.00mm)"
CAP-MUR-GRN-0805-00044,490-1640-1-ND,GRM2195C1H822JA01D,Murata Electronics,CAP CER 8200PF 50V C0G/NP0 0805,Capacitor,SchLib\Capacitor.SchLib,0805_CAPC2012X13N,PcbLib\Capacitor.PcbLib,0805_CAPC2012X13L,PcbLib\Capacitor.PcbLib,0805_CAPC2012X13M,PcbLib\Capacitor.PcbLib,GRM,8200pF,8200pF,5.00%,50V,"C0G, NP0",-55°C ~ 125°C,"Surface Mount, MLCC",0805 (2012 Metric),"0.079"" L x 0.049"" W (2.00mm x 1.25mm)","0.037"" (0.95mm)"
CAP-MUR-GRN-0805-00045,490-1639-1-ND,GRM2195C1H752JA01D,Murata Electronics,CAP CER 7500PF 50V C0G/NP0 0805,Capacitor,SchLib\Capacitor.SchLib,0805_CAPC2012X13N,PcbLib\Capacitor.PcbLib,0805_CAPC2012X13L,PcbLib\Capacitor.PcbLib,0805_CAPC2012X13M,PcbLib\Capacitor.PcbLib,GRM,7500pF,7500pF,5.00%,50V,"C0G, NP0",-55°C ~ 125°C,"Surface Mount, MLCC",0805 (2012 Metric),"0.079"" L x 0.049"" W (2.00mm x 1.25mm)","0.037"" (0.95mm)"
CAP-MUR-GRN-0805-00046,490-6466-1-ND,GRM21BC81A106KE18L,Murata Electronics,CAP CER 10UF 10V X6S 0805,Capacitor,SchLib\Capacitor.SchLib,0805_CAPC2012X13N,PcbLib\Capacitor.PcbLib,0805_CAPC2012X13L,PcbLib\Capacitor.PcbLib,0805_CAPC2012X13M,PcbLib\Capacitor.PcbLib,GRM,10uF,10uF,10.00%,10V,X6S,-55°C ~ 105°C,"Surface Mount, MLCC",0805 (2012 Metric),"0.079"" L x 0.049"" W (2.00mm x 1.25mm)","0.053"" (1.35mm)"
CAP-MUR-GRN-0805-00047,490-3886-1-ND,GRM21BR61C106KE15L,Murata Electronics,CAP CER 10UF 16V X5R 0805,Capacitor,SchLib\Capacitor.SchLib,0805_CAPC2012X13N,PcbLib\Capacitor.PcbLib,0805_CAPC2012X13L,PcbLib\Capacitor.PcbLib,0805_CAPC2012X13M,PcbLib\Capacitor.PcbLib,GRM,10uF,10uF,10.00%,16V,X5R,-55°C ~ 85°C,"Surface Mount, MLCC",0805 (2012 Metric),"0.079"" L x 0.049"" W (2.00mm x 1.25mm)","0.053"" (1.35mm)"
CAP-MUR-GRN-0805-00048,490-6474-1-ND,GRM21BR61C106ME15L,Murata Electronics,CAP CER 10UF 16V X5R 0805,Capacitor,SchLib\Capacitor.SchLib,0805_CAPC2012X13N,PcbLib\Capacitor.PcbLib,0805_CAPC2012X13L,PcbLib\Capacitor.PcbLib,0805_CAPC2012X13M,PcbLib\Capacitor.PcbLib,GRM,10uF,10uF,20.00%,16V,X5R,-55°C ~ 85°C,"Surface Mount, MLCC",0805 (2012 Metric),"0.079"" L x 0.049"" W (2.00mm x 1.25mm)","0.053"" (1.35mm)"
CAP-MUR-GRN-0805-00049,490-11544-1-ND,GRM2165C1H272GA01D,Murata Electronics,CAP CER 2700PF 50V C0G/NP0 0805,Capacitor,SchLib\Capacitor.SchLib,0805_CAPC2012X13N,PcbLib\Capacitor.PcbLib,0805_CAPC2012X13L,PcbLib\Capacitor.PcbLib,0805_CAPC2012X13M,PcbLib\Capacitor.PcbLib,GRM,2700pF,2700pF,2.00%,50V,"C0G, NP0",-55°C ~ 125°C,"Surface Mount, MLCC",0805 (2012 Metric),"0.079"" L x 0.049"" W (2.00mm x 1.25mm)","0.028"" (0.70mm)"
CAP-MUR-GRN-0805-00050,490-6460-1-ND,GRM21A7U2E471JW31D,Murata Electronics,CAP CER 470PF 250V U2J 0805,Capacitor,SchLib\Capacitor.SchLib,0805_CAPC2012X13N,PcbLib\Capacitor.PcbLib,0805_CAPC2012X13L,PcbLib\Capacitor.PcbLib,0805_CAPC2012X13M,PcbLib\Capacitor.PcbLib,GRM,470pF,470pF,5.00%,250V,U2J,-55°C ~ 125°C,"Surface Mount, MLCC",0805 (2012 Metric),"0.079"" L x 0.049"" W (2.00mm x 1.25mm)","0.039"" (1.00mm)"
CAP-MUR-GRN-0805-00051,490-6456-1-ND,GRM21A7U2E102JW31D,Murata Electronics,CAP CER 1000PF 250V U2J 0805,Capacitor,SchLib\Capacitor.SchLib,0805_CAPC2012X13N,PcbLib\Capacitor.PcbLib,0805_CAPC2012X13L,PcbLib\Capacitor.PcbLib,0805_CAPC2012X13M,PcbLib\Capacitor.PcbLib,GRM,1000pF,1000pF,5.00%,250V,U2J,-55°C ~ 125°C,"Surface Mount, MLCC",0805 (2012 Metric),"0.079"" L x 0.049"" W (2.00mm x 1.25mm)","0.039"" (1.00mm)"
CAP-MUR-GRN-0805-00052,490-6458-1-ND,GRM21A7U2E221JW31D,Murata Electronics,CAP CER 220PF 250V U2J 0805,Capacitor,SchLib\Capacitor.SchLib,0805_CAPC2012X13N,PcbLib\Capacitor.PcbLib,0805_CAPC2012X13L,PcbLib\Capacitor.PcbLib,0805_CAPC2012X13M,PcbLib\Capacitor.PcbLib,GRM,220pF,220pF,5.00%,250V,U2J,-55°C ~ 125°C,"Surface Mount, MLCC",0805 (2012 Metric),"0.079"" L x 0.049"" W (2.00mm x 1.25mm)","0.039"" (1.00mm)"
CAP-MUR-GRN-0805-00053,490-11590-1-ND,GRM21A7U2E681JW31D,Murata Electronics,CAP CER 680PF 250V U2J 0805,Capacitor,SchLib\Capacitor.SchLib,0805_CAPC2012X13N,PcbLib\Capacitor.PcbLib,0805_CAPC2012X13L,PcbLib\Capacitor.PcbLib,0805_CAPC2012X13M,PcbLib\Capacitor.PcbLib,GRM,680pF,680pF,5.00%,250V,U2J,-55°C ~ 125°C,"Surface Mount, MLCC",0805 (2012 Metric),"0.079"" L x 0.049"" W (2.00mm x 1.25mm)","0.039"" (1.00mm)"
CAP-MUR-GRN-0805-00054,490-16820-1-ND,GRM21A7U2E151JW31D,Murata Electronics,CAP CER 150PF 250V U2J 0805,Capacitor,SchLib\Capacitor.SchLib,0805_CAPC2012X13N,PcbLib\Capacitor.PcbLib,0805_CAPC2012X13L,PcbLib\Capacitor.PcbLib,0805_CAPC2012X13M,PcbLib\Capacitor.PcbLib,GRM,150pF,150pF,5.00%,250V,U2J,-55°C ~ 125°C,"Surface Mount, MLCC",0805 (2012 Metric),"0.079"" L x 0.049"" W (2.00mm x 1.25mm)","0.039"" (1.00mm)"
CAP-MUR-GRN-0805-00055,490-11548-1-ND,GRM2165C1H392GA01D,Murata Electronics,CAP CER 3900PF 50V C0G/NP0 0805,Capacitor,SchLib\Capacitor.SchLib,0805_CAPC2012X13N,PcbLib\Capacitor.PcbLib,0805_CAPC2012X13L,PcbLib\Capacitor.PcbLib,0805_CAPC2012X13M,PcbLib\Capacitor.PcbLib,GRM,3900pF,3900pF,2.00%,50V,"C0G, NP0",-55°C ~ 125°C,"Surface Mount, MLCC",0805 (2012 Metric),"0.079"" L x 0.049"" W (2.00mm x 1.25mm)","0.028"" (0.70mm)"
CAP-MUR-GRN-0805-00056,490-10511-1-ND,GRM21BR61A226ME51L,Murata Electronics,CAP CER 22UF 10V X5R 0805,Capacitor,SchLib\Capacitor.SchLib,0805_CAPC2012X13N,PcbLib\Capacitor.PcbLib,0805_CAPC2012X13L,PcbLib\Capacitor.PcbLib,0805_CAPC2012X13M,PcbLib\Capacitor.PcbLib,GRM,22uF,22uF,20.00%,10V,X5R,-55°C ~ 85°C,"Surface Mount, MLCC",0805 (2012 Metric),"0.079"" L x 0.049"" W (2.00mm x 1.25mm)","0.055"" (1.40mm)"
CAP-MUR-GRN-0805-00057,490-1642-1-ND,GRM2195C1H103JA01D,Murata Electronics,CAP CER 10000PF 50V C0G/NP0 0805,Capacitor,SchLib\Capacitor.SchLib,0805_CAPC2012X13N,PcbLib\Capacitor.PcbLib,0805_CAPC2012X13L,PcbLib\Capacitor.PcbLib,0805_CAPC2012X13M,PcbLib\Capacitor.PcbLib,GRM,10000pF,10000pF,5.00%,50V,"C0G, NP0",-55°C ~ 125°C,"Surface Mount, MLCC",0805 (2012 Metric),"0.079"" L x 0.049"" W (2.00mm x 1.25mm)","0.037"" (0.95mm)"
CAP-MUR-GRN-0805-00058,490-16320-1-ND,GRM21BR71H474MA88L,Murata Electronics,CAP CER 0.47UF 50V X7R 0805,Capacitor,SchLib\Capacitor.SchLib,0805_CAPC2012X13N,PcbLib\Capacitor.PcbLib,0805_CAPC2012X13L,PcbLib\Capacitor.PcbLib,0805_CAPC2012X13M,PcbLib\Capacitor.PcbLib,GRM,0.47uF,0.47uF,20.00%,50V,X7R,-55°C ~ 125°C,"Surface Mount, MLCC",0805 (2012 Metric),"0.079"" L x 0.049"" W (2.00mm x 1.25mm)","0.053"" (1.35mm)"
CAP-MUR-GRN-0805-00059,490-8289-1-ND,GRM2165C1H472GA01D,Murata Electronics,CAP CER 4700PF 50V C0G/NP0 0805,Capacitor,SchLib\Capacitor.SchLib,0805_CAPC2012X13N,PcbLib\Capacitor.PcbLib,0805_CAPC2012X13L,PcbLib\Capacitor.PcbLib,0805_CAPC2012X13M,PcbLib\Capacitor.PcbLib,GRM,4700pF,4700pF,2.00%,50V,"C0G, NP0",-55°C ~ 125°C,"Surface Mount, MLCC",0805 (2012 Metric),"0.079"" L x 0.049"" W (2.00mm x 1.25mm)","0.028"" (0.70mm)"
CAP-MUR-GRN-0805-00060,490-11543-1-ND,GRM2165C1H272FA01D,Murata Electronics,CAP CER 2700PF 50V C0G/NP0 0805,Capacitor,SchLib\Capacitor.SchLib,0805_CAPC2012X13N,PcbLib\Capacitor.PcbLib,0805_CAPC2012X13L,PcbLib\Capacitor.PcbLib,0805_CAPC2012X13M,PcbLib\Capacitor.PcbLib,GRM,2700pF,2700pF,1.00%,50V,"C0G, NP0",-55°C ~ 125°C,"Surface Mount, MLCC",0805 (2012 Metric),"0.079"" L x 0.049"" W (2.00mm x 1.25mm)","0.028"" (0.70mm)"
CAP-MUR-GRN-0805-00061,490-5534-1-ND,GRM21A5C2E220JW01D,Murata Electronics,CAP CER 22PF 250V C0G/NP0 0805,Capacitor,SchLib\Capacitor.SchLib,0805_CAPC2012X13N,PcbLib\Capacitor.PcbLib,0805_CAPC2012X13L,PcbLib\Capacitor.PcbLib,0805_CAPC2012X13M,PcbLib\Capacitor.PcbLib,GRM,22pF,22pF,5.00%,250V,"C0G, NP0",-55°C ~ 125°C,"Surface Mount, MLCC",0805 (2012 Metric),"0.079"" L x 0.049"" W (2.00mm x 1.25mm)","0.039"" (1.00mm)"
CAP-MUR-GRN-0805-00062,490-5542-1-ND,GRM21A5C2E101JW01D,Murata Electronics,CAP CER 100PF 250V C0G/NP0 0805,Capacitor,SchLib\Capacitor.SchLib,0805_CAPC2012X13N,PcbLib\Capacitor.PcbLib,0805_CAPC2012X13L,PcbLib\Capacitor.PcbLib,0805_CAPC2012X13M,PcbLib\Capacitor.PcbLib,GRM,100pF,100pF,5.00%,250V,"C0G, NP0",-55°C ~ 125°C,"Surface Mount, MLCC",0805 (2012 Metric),"0.079"" L x 0.049"" W (2.00mm x 1.25mm)","0.039"" (1.00mm)"
CAP-MUR-GRN-0805-00063,490-5530-1-ND,GRM21A5C2E100JW01D,Murata Electronics,CAP CER 10PF 250V C0G/NP0 0805,Capacitor,SchLib\Capacitor.SchLib,0805_CAPC2012X13N,PcbLib\Capacitor.PcbLib,0805_CAPC2012X13L,PcbLib\Capacitor.PcbLib,0805_CAPC2012X13M,PcbLib\Capacitor.PcbLib,GRM,10pF,10pF,5.00%,250V,"C0G, NP0",-55°C ~ 125°C,"Surface Mount, MLCC",0805 (2012 Metric),"0.079"" L x 0.049"" W (2.00mm x 1.25mm)","0.039"" (1.00mm)"
CAP-MUR-GRN-0805-00064,490-5533-1-ND,GRM21A5C2E180JW01D,Murata Electronics,CAP CER 18PF 250V C0G/NP0 0805,Capacitor,SchLib\Capacitor.SchLib,0805_CAPC2012X13N,PcbLib\Capacitor.PcbLib,0805_CAPC2012X13L,PcbLib\Capacitor.PcbLib,0805_CAPC2012X13M,PcbLib\Capacitor.PcbLib,GRM,18pF,18pF,5.00%,250V,"C0G, NP0",-55°C ~ 125°C,"Surface Mount, MLCC",0805 (2012 Metric),"0.079"" L x 0.049"" W (2.00mm x 1.25mm)","0.039"" (1.00mm)"
CAP-MUR-GRN-0805-00065,490-5538-1-ND,GRM21A5C2E470JW01D,Murata Electronics,CAP CER 47PF 250V C0G/NP0 0805,Capacitor,SchLib\Capacitor.SchLib,0805_CAPC2012X13N,PcbLib\Capacitor.PcbLib,0805_CAPC2012X13L,PcbLib\Capacitor.PcbLib,0805_CAPC2012X13M,PcbLib\Capacitor.PcbLib,GRM,47pF,47pF,5.00%,250V,"C0G, NP0",-55°C ~ 125°C,"Surface Mount, MLCC",0805 (2012 Metric),"0.079"" L x 0.049"" W (2.00mm x 1.25mm)","0.039"" (1.00mm)"
CAP-MUR-GRN-0805-00066,490-5532-1-ND,GRM21A5C2E150JW01D,Murata Electronics,CAP CER 15PF 250V C0G/NP0 0805,Capacitor,SchLib\Capacitor.SchLib,0805_CAPC2012X13N,PcbLib\Capacitor.PcbLib,0805_CAPC2012X13L,PcbLib\Capacitor.PcbLib,0805_CAPC2012X13M,PcbLib\Capacitor.PcbLib,GRM,15pF,15pF,5.00%,250V,"C0G, NP0",-55°C ~ 125°C,"Surface Mount, MLCC",0805 (2012 Metric),"0.079"" L x 0.049"" W (2.00mm x 1.25mm)","0.039"" (1.00mm)"
CAP-MUR-GRN-0805-00067,490-5541-1-ND,GRM21A5C2E820JW01D,Murata Electronics,CAP CER 82PF 250V C0G/NP0 0805,Capacitor,SchLib\Capacitor.SchLib,0805_CAPC2012X13N,PcbLib\Capacitor.PcbLib,0805_CAPC2012X13L,PcbLib\Capacitor.PcbLib,0805_CAPC2012X13M,PcbLib\Capacitor.PcbLib,GRM,82pF,82pF,5.00%,250V,"C0G, NP0",-55°C ~ 125°C,"Surface Mount, MLCC",0805 (2012 Metric),"0.079"" L x 0.049"" W (2.00mm x 1.25mm)","0.039"" (1.00mm)"
CAP-MUR-GRN-0805-00068,490-5536-1-ND,GRM21A5C2E330JW01D,Murata Electronics,CAP CER 33PF 250V C0G/NP0 0805,Capacitor,SchLib\Capacitor.SchLib,0805_CAPC2012X13N,PcbLib\Capacitor.PcbLib,0805_CAPC2012X13L,PcbLib\Capacitor.PcbLib,0805_CAPC2012X13M,PcbLib\Capacitor.PcbLib,GRM,33pF,33pF,5.00%,250V,"C0G, NP0",-55°C ~ 125°C,"Surface Mount, MLCC",0805 (2012 Metric),"0.079"" L x 0.049"" W (2.00mm x 1.25mm)","0.039"" (1.00mm)"
CAP-MUR-GRN-0805-00069,490-5540-1-ND,GRM21A5C2E680JW01D,Murata Electronics,CAP CER 68PF 250V C0G/NP0 0805,Capacitor,SchLib\Capacitor.SchLib,0805_CAPC2012X13N,PcbLib\Capacitor.PcbLib,0805_CAPC2012X13L,PcbLib\Capacitor.PcbLib,0805_CAPC2012X13M,PcbLib\Capacitor.PcbLib,GRM,68pF,68pF,5.00%,250V,"C0G, NP0",-55°C ~ 125°C,"Surface Mount, MLCC",0805 (2012 Metric),"0.079"" L x 0.049"" W (2.00mm x 1.25mm)","0.039"" (1.00mm)"
CAP-MUR-GRN-0805-00070,490-5537-1-ND,GRM21A5C2E390JW01D,Murata Electronics,CAP CER 39PF 250V C0G/NP0 0805,Capacitor,SchLib\Capacitor.SchLib,0805_CAPC2012X13N,PcbLib\Capacitor.PcbLib,0805_CAPC2012X13L,PcbLib\Capacitor.PcbLib,0805_CAPC2012X13M,PcbLib\Capacitor.PcbLib,GRM,39pF,39pF,5.00%,250V,"C0G, NP0",-55°C ~ 125°C,"Surface Mount, MLCC",0805 (2012 Metric),"0.079"" L x 0.049"" W (2.00mm x 1.25mm)","0.039"" (1.00mm)"
CAP-MUR-GRN-0805-00071,490-10503-1-ND,GRM21BC81E106ME51L,Murata Electronics,CAP CER 10UF 25V X6S 0805,Capacitor,SchLib\Capacitor.SchLib,0805_CAPC2012X13N,PcbLib\Capacitor.PcbLib,0805_CAPC2012X13L,PcbLib\Capacitor.PcbLib,0805_CAPC2012X13M,PcbLib\Capacitor.PcbLib,GRM,10uF,10uF,20.00%,25V,X6S,-55°C ~ 105°C,"Surface Mount, MLCC",0805 (2012 Metric),"0.079"" L x 0.049"" W (2.00mm x 1.25mm)","0.055"" (1.40mm)"
CAP-MUR-GRN-0805-00072,490-8319-1-ND,GRM21BR71H474KA88K,Murata Electronics,CAP CER 0.47UF 50V X7R 0805,Capacitor,SchLib\Capacitor.SchLib,0805_CAPC2012X13N,PcbLib\Capacitor.PcbLib,0805_CAPC2012X13L,PcbLib\Capacitor.PcbLib,0805_CAPC2012X13M,PcbLib\Capacitor.PcbLib,GRM,0.47uF,0.47uF,10.00%,50V,X7R,-55°C ~ 125°C,"Surface Mount, MLCC",0805 (2012 Metric),"0.079"" L x 0.049"" W (2.00mm x 1.25mm)","0.053"" (1.35mm)"
CAP-MUR-GRN-0805-00073,490-8287-1-ND,GRM2165C1H332FA01J,Murata Electronics,CAP CER 3300PF 50V C0G/NP0 0805,Capacitor,SchLib\Capacitor.SchLib,0805_CAPC2012X13N,PcbLib\Capacitor.PcbLib,0805_CAPC2012X13L,PcbLib\Capacitor.PcbLib,0805_CAPC2012X13M,PcbLib\Capacitor.PcbLib,GRM,3300pF,3300pF,1.00%,50V,"C0G, NP0",-55°C ~ 125°C,"Surface Mount, MLCC",0805 (2012 Metric),"0.079"" L x 0.049"" W (2.00mm x 1.25mm)","0.028"" (0.70mm)"
CAP-MUR-GRN-0805-00074,490-8306-1-ND,GRM21AR72A224KAC5K,Murata Electronics,CAP CER 0.22UF 100V X7R 0805,Capacitor,SchLib\Capacitor.SchLib,0805_CAPC2012X13N,PcbLib\Capacitor.PcbLib,0805_CAPC2012X13L,PcbLib\Capacitor.PcbLib,0805_CAPC2012X13M,PcbLib\Capacitor.PcbLib,GRM,0.22uF,0.22uF,10.00%,100V,X7R,-55°C ~ 125°C,"Surface Mount, MLCC",0805 (2012 Metric),"0.079"" L x 0.049"" W (2.00mm x 1.25mm)","0.039"" (1.00mm)"
CAP-MUR-GRN-0805-00075,490-10751-1-ND,GRM21BR61H475KE51L,Murata Electronics,CAP CER 4.7UF 50V X5R 0805,Capacitor,SchLib\Capacitor.SchLib,0805_CAPC2012X13N,PcbLib\Capacitor.PcbLib,0805_CAPC2012X13L,PcbLib\Capacitor.PcbLib,0805_CAPC2012X13M,PcbLib\Capacitor.PcbLib,GRM,4.7uF,4.7uF,10.00%,50V,X5R,-55°C ~ 85°C,"Surface Mount, MLCC",0805 (2012 Metric),"0.079"" L x 0.049"" W (2.00mm x 1.25mm)","0.055"" (1.40mm)"
CAP-MUR-GRN-0805-00076,490-11546-1-ND,GRM2165C1H332FA01D,Murata Electronics,CAP CER 3300PF 50V C0G/NP0 0805,Capacitor,SchLib\Capacitor.SchLib,0805_CAPC2012X13N,PcbLib\Capacitor.PcbLib,0805_CAPC2012X13L,PcbLib\Capacitor.PcbLib,0805_CAPC2012X13M,PcbLib\Capacitor.PcbLib,GRM,3300pF,3300pF,1.00%,50V,"C0G, NP0",-55°C ~ 125°C,"Surface Mount, MLCC",0805 (2012 Metric),"0.079"" L x 0.049"" W (2.00mm x 1.25mm)","0.028"" (0.70mm)"
CAP-MUR-GRN-0805-00077,490-16824-1-ND,GRM21BR61E106KA73K,Murata Electronics,CAP CER 10UF 25V X5R 0805,Capacitor,SchLib\Capacitor.SchLib,0805_CAPC2012X13N,PcbLib\Capacitor.PcbLib,0805_CAPC2012X13L,PcbLib\Capacitor.PcbLib,0805_CAPC2012X13M,PcbLib\Capacitor.PcbLib,GRM,10uF,10uF,10.00%,25V,X5R,-55°C ~ 85°C,"Surface Mount, MLCC",0805 (2012 Metric),"0.079"" L x 0.049"" W (2.00mm x 1.25mm)","0.055"" (1.40mm)"
CAP-MUR-GRN-0805-00078,490-3328-1-ND,GRM21BR71H474KA88L,Murata Electronics,CAP CER 0.47UF 50V X7R 0805,Capacitor,SchLib\Capacitor.SchLib,0805_CAPC2012X13N,PcbLib\Capacitor.PcbLib,0805_CAPC2012X13L,PcbLib\Capacitor.PcbLib,0805_CAPC2012X13M,PcbLib\Capacitor.PcbLib,GRM,0.47uF,0.47uF,10.00%,50V,X7R,-55°C ~ 125°C,"Surface Mount, MLCC",0805 (2012 Metric),"0.079"" L x 0.049"" W (2.00mm x 1.25mm)","0.053"" (1.35mm)"
CAP-MUR-GRN-0805-00079,490-6468-1-ND,GRM21BE70G226ME51L,Murata Electronics,CAP CER 22UF 4V X7U 0805,Capacitor,SchLib\Capacitor.SchLib,0805_CAPC2012X13N,PcbLib\Capacitor.PcbLib,0805_CAPC2012X13L,PcbLib\Capacitor.PcbLib,0805_CAPC2012X13M,PcbLib\Capacitor.PcbLib,GRM,22uF,22uF,20.00%,4V,X7U,-55°C ~ 125°C,"Surface Mount, MLCC",0805 (2012 Metric),"0.079"" L x 0.049"" W (2.00mm x 1.25mm)","0.053"" (1.35mm)"
CAP-MUR-GRN-0805-00080,490-6471-1-ND,GRM21BR60J226ME39K,Murata Electronics,CAP CER 22UF 6.3V X5R 0805,Capacitor,SchLib\Capacitor.SchLib,0805_CAPC2012X13N,PcbLib\Capacitor.PcbLib,0805_CAPC2012X13L,PcbLib\Capacitor.PcbLib,0805_CAPC2012X13M,PcbLib\Capacitor.PcbLib,GRM,22uF,22uF,20.00%,6.3V,X5R,-55°C ~ 85°C,"Surface Mount, MLCC",0805 (2012 Metric),"0.079"" L x 0.049"" W (2.00mm x 1.25mm)","0.053"" (1.35mm)"
CAP-MUR-GRN-0805-00081,490-1643-1-ND,GRM2195C1H153JA01D,Murata Electronics,CAP CER 0.015UF 50V C0G/NP0 0805,Capacitor,SchLib\Capacitor.SchLib,0805_CAPC2012X13N,PcbLib\Capacitor.PcbLib,0805_CAPC2012X13L,PcbLib\Capacitor.PcbLib,0805_CAPC2012X13M,PcbLib\Capacitor.PcbLib,GRM,0.015uF,0.015uF,5.00%,50V,"C0G, NP0",-55°C ~ 125°C,"Surface Mount, MLCC",0805 (2012 Metric),"0.079"" L x 0.049"" W (2.00mm x 1.25mm)","0.037"" (0.95mm)"
CAP-MUR-GRN-0805-00082,490-3320-1-ND,GRM2195C1H123JA01D,Murata Electronics,CAP CER 0.012UF 50V C0G/NP0 0805,Capacitor,SchLib\Capacitor.SchLib,0805_CAPC2012X13N,PcbLib\Capacitor.PcbLib,0805_CAPC2012X13L,PcbLib\Capacitor.PcbLib,0805_CAPC2012X13M,PcbLib\Capacitor.PcbLib,GRM,0.012uF,0.012uF,5.00%,50V,"C0G, NP0",-55°C ~ 125°C,"Surface Mount, MLCC",0805 (2012 Metric),"0.079"" L x 0.049"" W (2.00mm x 1.25mm)","0.037"" (0.95mm)"
CAP-MUR-GRN-0805-00083,490-8297-1-ND,GRM2195C1H113JA01D,Murata Electronics,CAP CER 0.011UF 50V C0G/NP0 0805,Capacitor,SchLib\Capacitor.SchLib,0805_CAPC2012X13N,PcbLib\Capacitor.PcbLib,0805_CAPC2012X13L,PcbLib\Capacitor.PcbLib,0805_CAPC2012X13M,PcbLib\Capacitor.PcbLib,GRM,0.011uF,0.011uF,5.00%,50V,"C0G, NP0",-55°C ~ 125°C,"Surface Mount, MLCC",0805 (2012 Metric),"0.079"" L x 0.049"" W (2.00mm x 1.25mm)","0.037"" (0.95mm)"
CAP-MUR-GRN-0805-00084,490-8288-1-ND,GRM2165C1H472FA01D,Murata Electronics,CAP CER 4700PF 50V C0G/NP0 0805,Capacitor,SchLib\Capacitor.SchLib,0805_CAPC2012X13N,PcbLib\Capacitor.PcbLib,0805_CAPC2012X13L,PcbLib\Capacitor.PcbLib,0805_CAPC2012X13M,PcbLib\Capacitor.PcbLib,GRM,4700pF,4700pF,1.00%,50V,"C0G, NP0",-55°C ~ 125°C,"Surface Mount, MLCC",0805 (2012 Metric),"0.079"" L x 0.049"" W (2.00mm x 1.25mm)","0.028"" (0.70mm)"
CAP-MUR-GRN-0805-00085,490-6461-1-ND,GRM21AR72A224KAC5L,Murata Electronics,CAP CER 0.22UF 100V X7R 0805,Capacitor,SchLib\Capacitor.SchLib,0805_CAPC2012X13N,PcbLib\Capacitor.PcbLib,0805_CAPC2012X13L,PcbLib\Capacitor.PcbLib,0805_CAPC2012X13M,PcbLib\Capacitor.PcbLib,GRM,0.22uF,0.22uF,10.00%,100V,X7R,-55°C ~ 125°C,"Surface Mount, MLCC",0805 (2012 Metric),"0.079"" L x 0.049"" W (2.00mm x 1.25mm)","0.039"" (1.00mm)"
CAP-MUR-GRN-0805-00086,490-11592-1-ND,GRM21B7U1A104JA01L,Murata Electronics,CAP CER 0.1UF 10V U2J 0805,Capacitor,SchLib\Capacitor.SchLib,0805_CAPC2012X13N,PcbLib\Capacitor.PcbLib,0805_CAPC2012X13L,PcbLib\Capacitor.PcbLib,0805_CAPC2012X13M,PcbLib\Capacitor.PcbLib,GRM,0.1uF,0.1uF,5.00%,10V,U2J,-55°C ~ 125°C,"Surface Mount, MLCC",0805 (2012 Metric),"0.079"" L x 0.049"" W (2.00mm x 1.25mm)","0.053"" (1.35mm)"
CAP-MUR-GRN-0805-00087,490-5523-1-ND,GRM21BR61E106KA73L,Murata Electronics,CAP CER 10UF 25V X5R 0805,Capacitor,SchLib\Capacitor.SchLib,0805_CAPC2012X13N,PcbLib\Capacitor.PcbLib,0805_CAPC2012X13L,PcbLib\Capacitor.PcbLib,0805_CAPC2012X13M,PcbLib\Capacitor.PcbLib,GRM,10uF,10uF,10.00%,25V,X5R,-55°C ~ 85°C,"Surface Mount, MLCC",0805 (2012 Metric),"0.079"" L x 0.049"" W (2.00mm x 1.25mm)","0.053"" (1.35mm)"
CAP-MUR-GRN-0805-00088,490-10502-1-ND,GRM21BC81E106KE51L,Murata Electronics,CAP CER 10UF 25V X6S 0805,Capacitor,SchLib\Capacitor.SchLib,0805_CAPC2012X13N,PcbLib\Capacitor.PcbLib,0805_CAPC2012X13L,PcbLib\Capacitor.PcbLib,0805_CAPC2012X13M,PcbLib\Capacitor.PcbLib,GRM,10uF,10uF,10.00%,25V,X6S,-55°C ~ 105°C,"Surface Mount, MLCC",0805 (2012 Metric),"0.079"" L x 0.049"" W (2.00mm x 1.25mm)","0.055"" (1.40mm)"
CAP-MUR-GRN-0805-00089,490-10515-1-ND,GRM21BR6YA106ME43L,Murata Electronics,CAP CER 10UF 35V X5R 0805,Capacitor,SchLib\Capacitor.SchLib,0805_CAPC2012X13N,PcbLib\Capacitor.PcbLib,0805_CAPC2012X13L,PcbLib\Capacitor.PcbLib,0805_CAPC2012X13M,PcbLib\Capacitor.PcbLib,GRM,10uF,10uF,20.00%,35V,X5R,-55°C ~ 85°C,"Surface Mount, MLCC",0805 (2012 Metric),"0.079"" L x 0.049"" W (2.00mm x 1.25mm)","0.057"" (1.45mm)"
CAP-MUR-GRN-0805-00090,490-10505-1-ND,GRM21BC8YA106ME11L,Murata Electronics,CAP CER 10UF 35V X6S 0805,Capacitor,SchLib\Capacitor.SchLib,0805_CAPC2012X13N,PcbLib\Capacitor.PcbLib,0805_CAPC2012X13L,PcbLib\Capacitor.PcbLib,0805_CAPC2012X13M,PcbLib\Capacitor.PcbLib,GRM,10uF,10uF,20.00%,35V,X6S,-55°C ~ 105°C,"Surface Mount, MLCC",0805 (2012 Metric),"0.079"" L x 0.049"" W (2.00mm x 1.25mm)","0.057"" (1.45mm)"
CAP-MUR-GRN-0805-00091,490-1644-1-ND,GRM21B5C1H223JA01L,Murata Electronics,CAP CER 0.022UF 50V C0G/NP0 0805,Capacitor,SchLib\Capacitor.SchLib,0805_CAPC2012X13N,PcbLib\Capacitor.PcbLib,0805_CAPC2012X13L,PcbLib\Capacitor.PcbLib,0805_CAPC2012X13M,PcbLib\Capacitor.PcbLib,GRM,0.022uF,0.022uF,5.00%,50V,"C0G, NP0",-55°C ~ 125°C,"Surface Mount, MLCC",0805 (2012 Metric),"0.079"" L x 0.049"" W (2.00mm x 1.25mm)","0.053"" (1.35mm)"
CAP-MUR-GRN-0805-00092,490-8307-1-ND,GRM21B5C1H203JA01L,Murata Electronics,CAP CER 0.02UF 50V C0G/NP0 0805,Capacitor,SchLib\Capacitor.SchLib,0805_CAPC2012X13N,PcbLib\Capacitor.PcbLib,0805_CAPC2012X13L,PcbLib\Capacitor.PcbLib,0805_CAPC2012X13M,PcbLib\Capacitor.PcbLib,GRM,0.02uF,0.02uF,5.00%,50V,"C0G, NP0",-55°C ~ 125°C,"Surface Mount, MLCC",0805 (2012 Metric),"0.079"" L x 0.049"" W (2.00mm x 1.25mm)","0.053"" (1.35mm)"
CAP-MUR-GRN-0805-00093,490-3321-1-ND,GRM21B5C1H183JA01L,Murata Electronics,CAP CER 0.018UF 50V C0G/NP0 0805,Capacitor,SchLib\Capacitor.SchLib,0805_CAPC2012X13N,PcbLib\Capacitor.PcbLib,0805_CAPC2012X13L,PcbLib\Capacitor.PcbLib,0805_CAPC2012X13M,PcbLib\Capacitor.PcbLib,GRM,0.018uF,0.018uF,5.00%,50V,"C0G, NP0",-55°C ~ 125°C,"Surface Mount, MLCC",0805 (2012 Metric),"0.079"" L x 0.049"" W (2.00mm x 1.25mm)","0.053"" (1.35mm)"
CAP-MUR-GRN-0805-00094,490-1719-1-ND,GRM21BR60J226ME39L,Murata Electronics,CAP CER 22UF 6.3V X5R 0805,Capacitor,SchLib\Capacitor.SchLib,0805_CAPC2012X13N,PcbLib\Capacitor.PcbLib,0805_CAPC2012X13L,PcbLib\Capacitor.PcbLib,0805_CAPC2012X13M,PcbLib\Capacitor.PcbLib,GRM,22uF,22uF,20.00%,6.3V,X5R,-55°C ~ 85°C,"Surface Mount, MLCC",0805 (2012 Metric),"0.079"" L x 0.049"" W (2.00mm x 1.25mm)","0.053"" (1.35mm)"
CAP-MUR-GRN-0805-00095,490-5519-1-ND,GRM21BC81C106KA73L,Murata Electronics,CAP CER 10UF 16V X6S 0805,Capacitor,SchLib\Capacitor.SchLib,0805_CAPC2012X13N,PcbLib\Capacitor.PcbLib,0805_CAPC2012X13L,PcbLib\Capacitor.PcbLib,0805_CAPC2012X13M,PcbLib\Capacitor.PcbLib,GRM,10uF,10uF,10.00%,16V,X6S,-55°C ~ 105°C,"Surface Mount, MLCC",0805 (2012 Metric),"0.079"" L x 0.049"" W (2.00mm x 1.25mm)","0.053"" (1.35mm)"
CAP-MUR-GRN-0805-00096,490-8300-1-ND,GRM2195C1H682GA01D,Murata Electronics,CAP CER 6800PF 50V C0G/NP0 0805,Capacitor,SchLib\Capacitor.SchLib,0805_CAPC2012X13N,PcbLib\Capacitor.PcbLib,0805_CAPC2012X13L,PcbLib\Capacitor.PcbLib,0805_CAPC2012X13M,PcbLib\Capacitor.PcbLib,GRM,6800pF,6800pF,2.00%,50V,"C0G, NP0",-55°C ~ 125°C,"Surface Mount, MLCC",0805 (2012 Metric),"0.079"" L x 0.049"" W (2.00mm x 1.25mm)","0.037"" (0.95mm)"
CAP-MUR-GRN-0805-00097,490-14661-1-ND,GRM21BR61E226ME44K,Murata Electronics,CAP CER 22UF 25V X5R 0805,Capacitor,SchLib\Capacitor.SchLib,0805_CAPC2012X13N,PcbLib\Capacitor.PcbLib,0805_CAPC2012X13L,PcbLib\Capacitor.PcbLib,0805_CAPC2012X13M,PcbLib\Capacitor.PcbLib,GRM,22uF,22uF,20.00%,25V,X5R,-55°C ~ 85°C,"Surface Mount, MLCC",0805 (2012 Metric),"0.079"" L x 0.049"" W (2.00mm x 1.25mm)","0.057"" (1.45mm)"
CAP-MUR-GRN-0805-00098,490-8299-1-ND,GRM2195C1H562FA01D,Murata Electronics,CAP CER 5600PF 50V C0G/NP0 0805,Capacitor,SchLib\Capacitor.SchLib,0805_CAPC2012X13N,PcbLib\Capacitor.PcbLib,0805_CAPC2012X13L,PcbLib\Capacitor.PcbLib,0805_CAPC2012X13M,PcbLib\Capacitor.PcbLib,GRM,5600pF,5600pF,1.00%,50V,"C0G, NP0",-55°C ~ 125°C,"Surface Mount, MLCC",0805 (2012 Metric),"0.079"" L x 0.049"" W (2.00mm x 1.25mm)","0.037"" (0.95mm)"
CAP-MUR-GRN-0805-00099,490-14658-1-ND,GRM21BC81H475KE11L,Murata Electronics,CAP CER 4.7UF 50V X6S 0805,Capacitor,SchLib\Capacitor.SchLib,0805_CAPC2012X13N,PcbLib\Capacitor.PcbLib,0805_CAPC2012X13L,PcbLib\Capacitor.PcbLib,0805_CAPC2012X13M,PcbLib\Capacitor.PcbLib,GRM,4.7uF,4.7uF,10.00%,50V,X6S,-55°C ~ 105°C,"Surface Mount, MLCC",0805 (2012 Metric),"0.079"" L x 0.049"" W (2.00mm x 1.25mm)","0.057"" (1.45mm)"
CAP-MUR-GRN-0805-00100,490-12757-1-ND,GRM21BC71H475KE11L,Murata Electronics,CAP CER 4.7UF 50V X7S 0805,Capacitor,SchLib\Capacitor.SchLib,0805_CAPC2012X13N,PcbLib\Capacitor.PcbLib,0805_CAPC2012X13L,PcbLib\Capacitor.PcbLib,0805_CAPC2012X13M,PcbLib\Capacitor.PcbLib,GRM,4.7uF,4.7uF,10.00%,50V,X7S,-55°C ~ 125°C,"Surface Mount, MLCC",0805 (2012 Metric),"0.079"" L x 0.049"" W (2.00mm x 1.25mm)","0.057"" (1.45mm)"
CAP-MUR-GRN-0805-00101,490-8296-1-ND,GRM2195C1H103GA01D,Murata Electronics,CAP CER 10000PF 50V C0G/NP0 0805,Capacitor,SchLib\Capacitor.SchLib,0805_CAPC2012X13N,PcbLib\Capacitor.PcbLib,0805_CAPC2012X13L,PcbLib\Capacitor.PcbLib,0805_CAPC2012X13M,PcbLib\Capacitor.PcbLib,GRM,10000pF,10000pF,2.00%,50V,"C0G, NP0",-55°C ~ 125°C,"Surface Mount, MLCC",0805 (2012 Metric),"0.079"" L x 0.049"" W (2.00mm x 1.25mm)","0.037"" (0.95mm)"
CAP-MUR-GRN-0805-00102,490-10742-1-ND,GRM2195C1H682FA01D,Murata Electronics,CAP CER 6800PF 50V C0G/NP0 0805,Capacitor,SchLib\Capacitor.SchLib,0805_CAPC2012X13N,PcbLib\Capacitor.PcbLib,0805_CAPC2012X13L,PcbLib\Capacitor.PcbLib,0805_CAPC2012X13M,PcbLib\Capacitor.PcbLib,GRM,6800pF,6800pF,1.00%,50V,"C0G, NP0",-55°C ~ 125°C,"Surface Mount, MLCC",0805 (2012 Metric),"0.079"" L x 0.049"" W (2.00mm x 1.25mm)","0.037"" (0.95mm)"
CAP-MUR-GRN-0805-00103,490-14464-1-ND,GRM21BC72A105KE01L,Murata Electronics,CAP CER 1UF 100V X7S 0805,Capacitor,SchLib\Capacitor.SchLib,0805_CAPC2012X13N,PcbLib\Capacitor.PcbLib,0805_CAPC2012X13L,PcbLib\Capacitor.PcbLib,0805_CAPC2012X13M,PcbLib\Capacitor.PcbLib,GRM,1uF,1uF,10.00%,100V,X7S,-55°C ~ 125°C,"Surface Mount, MLCC",0805 (2012 Metric),"0.079"" L x 0.049"" W (2.00mm x 1.25mm)","0.057"" (1.45mm)"
CAP-MUR-GRN-0805-00104,490-9959-1-ND,GRM21BD71A226ME44L,Murata Electronics,CAP CER 22UF 10V X7T 0805,Capacitor,SchLib\Capacitor.SchLib,0805_CAPC2012X13N,PcbLib\Capacitor.PcbLib,0805_CAPC2012X13L,PcbLib\Capacitor.PcbLib,0805_CAPC2012X13M,PcbLib\Capacitor.PcbLib,GRM,22uF,22uF,20.00%,10V,X7T,-55°C ~ 125°C,"Surface Mount, MLCC",0805 (2012 Metric),"0.079"" L x 0.049"" W (2.00mm x 1.25mm)","0.057"" (1.45mm)"
CAP-MUR-GRN-0805-00105,490-9956-1-ND,GRM21BC81C226ME44L,Murata Electronics,CAP CER 22UF 16V X6S 0805,Capacitor,SchLib\Capacitor.SchLib,0805_CAPC2012X13N,PcbLib\Capacitor.PcbLib,0805_CAPC2012X13L,PcbLib\Capacitor.PcbLib,0805_CAPC2012X13M,PcbLib\Capacitor.PcbLib,GRM,22uF,22uF,20.00%,16V,X6S,-55°C ~ 105°C,"Surface Mount, MLCC",0805 (2012 Metric),"0.079"" L x 0.049"" W (2.00mm x 1.25mm)","0.057"" (1.45mm)"
CAP-MUR-GRN-0805-00106,490-10504-1-ND,GRM21BC8YA106KE11L,Murata Electronics,CAP CER 10UF 35V X6S 0805,Capacitor,SchLib\Capacitor.SchLib,0805_CAPC2012X13N,PcbLib\Capacitor.PcbLib,0805_CAPC2012X13L,PcbLib\Capacitor.PcbLib,0805_CAPC2012X13M,PcbLib\Capacitor.PcbLib,GRM,10uF,10uF,10.00%,35V,X6S,-55°C ~ 105°C,"Surface Mount, MLCC",0805 (2012 Metric),"0.079"" L x 0.049"" W (2.00mm x 1.25mm)","0.057"" (1.45mm)"
CAP-MUR-GRN-0805-00107,490-10514-1-ND,GRM21BR6YA106KE43L,Murata Electronics,CAP CER 10UF 35V X5R 0805,Capacitor,SchLib\Capacitor.SchLib,0805_CAPC2012X13N,PcbLib\Capacitor.PcbLib,0805_CAPC2012X13L,PcbLib\Capacitor.PcbLib,0805_CAPC2012X13M,PcbLib\Capacitor.PcbLib,GRM,10uF,10uF,10.00%,35V,X5R,-55°C ~ 85°C,"Surface Mount, MLCC",0805 (2012 Metric),"0.079"" L x 0.049"" W (2.00mm x 1.25mm)","0.057"" (1.45mm)"
CAP-MUR-GRN-0805-00108,490-12756-1-ND,GRM21BC71C106KE11L,Murata Electronics,CAP CER 10UF 16V X7S 0805,Capacitor,SchLib\Capacitor.SchLib,0805_CAPC2012X13N,PcbLib\Capacitor.PcbLib,0805_CAPC2012X13L,PcbLib\Capacitor.PcbLib,0805_CAPC2012X13M,PcbLib\Capacitor.PcbLib,GRM,10uF,10uF,10.00%,16V,X7S,-55°C ~ 125°C,"Surface Mount, MLCC",0805 (2012 Metric),"0.079"" L x 0.049"" W (2.00mm x 1.25mm)","0.057"" (1.45mm)"
CAP-MUR-GRN-0805-00109,490-9957-1-ND,GRM21BC81E106KE11L,Murata Electronics,CAP CER 10UF 25V X6S 0805,Capacitor,SchLib\Capacitor.SchLib,0805_CAPC2012X13N,PcbLib\Capacitor.PcbLib,0805_CAPC2012X13L,PcbLib\Capacitor.PcbLib,0805_CAPC2012X13M,PcbLib\Capacitor.PcbLib,GRM,10uF,10uF,10.00%,25V,X6S,-55°C ~ 105°C,"Surface Mount, MLCC",0805 (2012 Metric),"0.079"" L x 0.049"" W (2.00mm x 1.25mm)","0.057"" (1.45mm)"
CAP-MUR-GRN-0805-00110,490-9952-1-ND,GRM219R61C226ME15L,Murata Electronics,CAP CER 22UF 16V X5R 0805,Capacitor,SchLib\Capacitor.SchLib,0805_CAPC2012X13N,PcbLib\Capacitor.PcbLib,0805_CAPC2012X13L,PcbLib\Capacitor.PcbLib,0805_CAPC2012X13M,PcbLib\Capacitor.PcbLib,GRM,22uF,22uF,20.00%,16V,X5R,-55°C ~ 85°C,"Surface Mount, MLCC",0805 (2012 Metric),"0.079"" L x 0.049"" W (2.00mm x 1.25mm)","0.039"" (1.00mm)"
CAP-MUR-GRN-0805-00111,490-10749-1-ND,GRM21BR61E226ME44L,Murata Electronics,CAP CER 22UF 25V X5R 0805,Capacitor,SchLib\Capacitor.SchLib,0805_CAPC2012X13N,PcbLib\Capacitor.PcbLib,0805_CAPC2012X13L,PcbLib\Capacitor.PcbLib,0805_CAPC2012X13M,PcbLib\Capacitor.PcbLib,GRM,22uF,22uF,20.00%,25V,X5R,-55°C ~ 85°C,"Surface Mount, MLCC",0805 (2012 Metric),"0.079"" L x 0.049"" W (2.00mm x 1.25mm)","0.057"" (1.45mm)"
CAP-MUR-GRN-0805-00112,490-14657-1-ND,GRM21BC81A226ME44L,Murata Electronics,CAP CER 22UF 10V X6S 0805,Capacitor,SchLib\Capacitor.SchLib,0805_CAPC2012X13N,PcbLib\Capacitor.PcbLib,0805_CAPC2012X13L,PcbLib\Capacitor.PcbLib,0805_CAPC2012X13M,PcbLib\Capacitor.PcbLib,GRM,22uF,22uF,20.00%,10V,X6S,-55°C ~ 105°C,"Surface Mount, MLCC",0805 (2012 Metric),"0.079"" L x 0.049"" W (2.00mm x 1.25mm)","0.057"" (1.45mm)"
CAP-MUR-GRN-0805-00113,490-10497-1-ND,GRM21BC71E106ME11L,Murata Electronics,CAP CER 10UF 25V X7S 0805,Capacitor,SchLib\Capacitor.SchLib,0805_CAPC2012X13N,PcbLib\Capacitor.PcbLib,0805_CAPC2012X13L,PcbLib\Capacitor.PcbLib,0805_CAPC2012X13M,PcbLib\Capacitor.PcbLib,GRM,10uF,10uF,20.00%,25V,X7S,-55°C ~ 125°C,"Surface Mount, MLCC",0805 (2012 Metric),"0.079"" L x 0.049"" W (2.00mm x 1.25mm)","0.057"" (1.45mm)"
CAP-MUR-GRN-0805-00114,490-10746-1-ND,GRM21BR61A226ME44L,Murata Electronics,CAP CER 22UF 10V X5R 0805,Capacitor,SchLib\Capacitor.SchLib,0805_CAPC2012X13N,PcbLib\Capacitor.PcbLib,0805_CAPC2012X13L,PcbLib\Capacitor.PcbLib,0805_CAPC2012X13M,PcbLib\Capacitor.PcbLib,GRM,22uF,22uF,20.00%,10V,X5R,-55°C ~ 85°C,"Surface Mount, MLCC",0805 (2012 Metric),"0.079"" L x 0.049"" W (2.00mm x 1.25mm)","0.057"" (1.45mm)"
CAP-MUR-GRN-0805-00115,490-8295-1-ND,GRM2195C1H103FA01D,Murata Electronics,CAP CER 10000PF 50V C0G/NP0 0805,Capacitor,SchLib\Capacitor.SchLib,0805_CAPC2012X13N,PcbLib\Capacitor.PcbLib,0805_CAPC2012X13L,PcbLib\Capacitor.PcbLib,0805_CAPC2012X13M,PcbLib\Capacitor.PcbLib,GRM,10000pF,10000pF,1.00%,50V,"C0G, NP0",-55°C ~ 125°C,"Surface Mount, MLCC",0805 (2012 Metric),"0.079"" L x 0.049"" W (2.00mm x 1.25mm)","0.037"" (0.95mm)"
CAP-MUR-GRN-0805-00116,490-10496-1-ND,GRM21BC71E106KE11L,Murata Electronics,CAP CER 10UF 25V X7S 0805,Capacitor,SchLib\Capacitor.SchLib,0805_CAPC2012X13N,PcbLib\Capacitor.PcbLib,0805_CAPC2012X13L,PcbLib\Capacitor.PcbLib,0805_CAPC2012X13M,PcbLib\Capacitor.PcbLib,GRM,10uF,10uF,10.00%,25V,X7S,-55°C ~ 125°C,"Surface Mount, MLCC",0805 (2012 Metric),"0.079"" L x 0.049"" W (2.00mm x 1.25mm)","0.057"" (1.45mm)"
CAP-MUR-GRN-0805-00117,490-3326-1-ND,GRM21BR72A474KA73L,Murata Electronics,CAP CER 0.47UF 100V X7R 0805,Capacitor,SchLib\Capacitor.SchLib,0805_CAPC2012X13N,PcbLib\Capacitor.PcbLib,0805_CAPC2012X13L,PcbLib\Capacitor.PcbLib,0805_CAPC2012X13M,PcbLib\Capacitor.PcbLib,GRM,0.47uF,0.47uF,10.00%,100V,X7R,-55°C ~ 125°C,"Surface Mount, MLCC",0805 (2012 Metric),"0.079"" L x 0.049"" W (2.00mm x 1.25mm)","0.053"" (1.35mm)"
CAP-MUR-GRN-0805-00118,490-8308-1-ND,GRM21B5C1H223GA01L,Murata Electronics,CAP CER 0.022UF 50V C0G/NP0 0805,Capacitor,SchLib\Capacitor.SchLib,0805_CAPC2012X13N,PcbLib\Capacitor.PcbLib,0805_CAPC2012X13L,PcbLib\Capacitor.PcbLib,0805_CAPC2012X13M,PcbLib\Capacitor.PcbLib,GRM,0.022uF,0.022uF,2.00%,50V,"C0G, NP0",-55°C ~ 125°C,"Surface Mount, MLCC",0805 (2012 Metric),"0.079"" L x 0.049"" W (2.00mm x 1.25mm)","0.053"" (1.35mm)"
CAP-MUR-GRN-0805-00119,490-9949-1-ND,GRM219R60G476ME44D,Murata Electronics,CAP CER 47UF 4V X5R 0805,Capacitor,SchLib\Capacitor.SchLib,0805_CAPC2012X13N,PcbLib\Capacitor.PcbLib,0805_CAPC2012X13L,PcbLib\Capacitor.PcbLib,0805_CAPC2012X13M,PcbLib\Capacitor.PcbLib,GRM,47uF,47uF,20.00%,4V,X5R,-55°C ~ 85°C,"Surface Mount, MLCC",0805 (2012 Metric),"0.079"" L x 0.049"" W (2.00mm x 1.25mm)","0.037"" (0.95mm)"
CAP-MUR-GRN-0805-00120,490-13249-1-ND,GRM219R60J476ME44D,Murata Electronics,CAP CER 47UF 6.3V X5R 0805,Capacitor,SchLib\Capacitor.SchLib,0805_CAPC2012X13N,PcbLib\Capacitor.PcbLib,0805_CAPC2012X13L,PcbLib\Capacitor.PcbLib,0805_CAPC2012X13M,PcbLib\Capacitor.PcbLib,GRM,47uF,47uF,20.00%,6.3V,X5R,-55°C ~ 85°C,"Surface Mount, MLCC",0805 (2012 Metric),"0.079"" L x 0.049"" W (2.00mm x 1.25mm)","0.037"" (0.95mm)"
CAP-MUR-GRN-0805-00121,490-17849-1-ND,GRM2195C1H153FA01D,Murata Electronics,CAP CER 0.015UF 50V C0G/NP0 0805,Capacitor,SchLib\Capacitor.SchLib,0805_CAPC2012X13N,PcbLib\Capacitor.PcbLib,0805_CAPC2012X13L,PcbLib\Capacitor.PcbLib,0805_CAPC2012X13M,PcbLib\Capacitor.PcbLib,GRM,0.015uF,0.015uF,1.00%,50V,"C0G, NP0",-55°C ~ 125°C,"Surface Mount, MLCC",0805 (2012 Metric),"0.079"" L x 0.049"" W (2.00mm x 1.25mm)","0.037"" (0.95mm)"
CAP-MUR-GRN-0805-00122,490-12608-1-ND,GRM2195C1H123FA01D,Murata Electronics,CAP CER 0.012UF 50V C0G/NP0 0805,Capacitor,SchLib\Capacitor.SchLib,0805_CAPC2012X13N,PcbLib\Capacitor.PcbLib,0805_CAPC2012X13L,PcbLib\Capacitor.PcbLib,0805_CAPC2012X13M,PcbLib\Capacitor.PcbLib,GRM,0.012uF,0.012uF,1.00%,50V,"C0G, NP0",-55°C ~ 125°C,"Surface Mount, MLCC",0805 (2012 Metric),"0.079"" L x 0.049"" W (2.00mm x 1.25mm)","0.037"" (0.95mm)"
CAP-MUR-GRN-0805-00123,490-6469-1-ND,GRM21BR60G476ME15L,Murata Electronics,CAP CER 47UF 4V X5R 0805,Capacitor,SchLib\Capacitor.SchLib,0805_CAPC2012X13N,PcbLib\Capacitor.PcbLib,0805_CAPC2012X13L,PcbLib\Capacitor.PcbLib,0805_CAPC2012X13M,PcbLib\Capacitor.PcbLib,GRM,47uF,47uF,20.00%,4V,X5R,-55°C ~ 85°C,"Surface Mount, MLCC",0805 (2012 Metric),"0.079"" L x 0.049"" W (2.00mm x 1.25mm)","0.053"" (1.35mm)"
CAP-MUR-GRN-0805-00124,490-17855-1-ND,GRM21B5C1H223FA01L,Murata Electronics,CAP CER 0.022UF 50V C0G/NP0 0805,Capacitor,SchLib\Capacitor.SchLib,0805_CAPC2012X13N,PcbLib\Capacitor.PcbLib,0805_CAPC2012X13L,PcbLib\Capacitor.PcbLib,0805_CAPC2012X13M,PcbLib\Capacitor.PcbLib,GRM,0.022uF,0.022uF,1.00%,50V,"C0G, NP0",-55°C ~ 125°C,"Surface Mount, MLCC",0805 (2012 Metric),"0.079"" L x 0.049"" W (2.00mm x 1.25mm)","0.053"" (1.35mm)"
CAP-MUR-GRN-0805-00125,490-10510-1-ND,GRM21BR60G107ME15L,Murata Electronics,CAP CER 100UF 4V X5R 0805,Capacitor,SchLib\Capacitor.SchLib,0805_CAPC2012X13N,PcbLib\Capacitor.PcbLib,0805_CAPC2012X13L,PcbLib\Capacitor.PcbLib,0805_CAPC2012X13M,PcbLib\Capacitor.PcbLib,GRM,100uF,100uF,20.00%,4V,X5R,-55°C ~ 85°C,"Surface Mount, MLCC",0805 (2012 Metric),"0.079"" L x 0.049"" W (2.00mm x 1.25mm)","0.057"" (1.45mm)"
CAP-MUR-GRN-0805-00126,490-13979-1-ND,GRM21BR60E107ME15L,Murata Electronics,CAP CER 100UF 2.5V X5R 0805,Capacitor,SchLib\Capacitor.SchLib,0805_CAPC2012X13N,PcbLib\Capacitor.PcbLib,0805_CAPC2012X13L,PcbLib\Capacitor.PcbLib,0805_CAPC2012X13M,PcbLib\Capacitor.PcbLib,GRM,100uF,100uF,20.00%,2.5V,X5R,-55°C ~ 85°C,"Surface Mount, MLCC",0805 (2012 Metric),"0.079"" L x 0.049"" W (2.00mm x 1.25mm)","0.057"" (1.45mm)"
CAP-MUR-GRN-0805-00127,490-13981-1-ND,GRM21BR60J107ME15L,Murata Electronics,CAP CER 100UF 6.3V X5R 0805,Capacitor,SchLib\Capacitor.SchLib,0805_CAPC2012X13N,PcbLib\Capacitor.PcbLib,0805_CAPC2012X13L,PcbLib\Capacitor.PcbLib,0805_CAPC2012X13M,PcbLib\Capacitor.PcbLib,GRM,100uF,100uF,20.00%,6.3V,X5R,-55°C ~ 85°C,"Surface Mount, MLCC",0805 (2012 Metric),"0.079"" L x 0.049"" W (2.00mm x 1.25mm)","0.057"" (1.45mm)"
CAP-MUR-GRN-0805-00128,490-13978-1-ND,GRM21BC80G107ME15L,Murata Electronics,CAP CER 100UF 4V X6S 0805,Capacitor,SchLib\Capacitor.SchLib,0805_CAPC2012X13N,PcbLib\Capacitor.PcbLib,0805_CAPC2012X13L,PcbLib\Capacitor.PcbLib,0805_CAPC2012X13M,PcbLib\Capacitor.PcbLib,GRM,100uF,100uF,20.00%,4V,X6S,-55°C ~ 105°C,"Surface Mount, MLCC",0805 (2012 Metric),"0.079"" L x 0.049"" W (2.00mm x 1.25mm)","0.057"" (1.45mm)"
CAP-MUR-GRN-0805-00129,490-13977-1-ND,GRM21BC80E107ME15L,Murata Electronics,CAP CER 100UF 2.5V X6S 0805,Capacitor,SchLib\Capacitor.SchLib,0805_CAPC2012X13N,PcbLib\Capacitor.PcbLib,0805_CAPC2012X13L,PcbLib\Capacitor.PcbLib,0805_CAPC2012X13M,PcbLib\Capacitor.PcbLib,GRM,100uF,100uF,20.00%,2.5V,X6S,-55°C ~ 105°C,"Surface Mount, MLCC",0805 (2012 Metric),"0.079"" L x 0.049"" W (2.00mm x 1.25mm)","0.057"" (1.45mm)"
CAP-MUR-GRN-0805-00130,490-6446-1-ND,GRM2165C2A122JA01D,Murata Electronics,CAP CER 1200PF 100V C0G/NP0 0805,Capacitor,SchLib\Capacitor.SchLib,0805_CAPC2012X13N,PcbLib\Capacitor.PcbLib,0805_CAPC2012X13L,PcbLib\Capacitor.PcbLib,0805_CAPC2012X13M,PcbLib\Capacitor.PcbLib,GRM,1200pF,1200pF,5.00%,100V,"C0G, NP0",-55°C ~ 125°C,"Surface Mount, MLCC",0805 (2012 Metric),"0.079"" L x 0.049"" W (2.00mm x 1.25mm)","0.028"" (0.70mm)"
CAP-MUR-GRN-0805-00131,490-8286-1-ND,GRM2165C1H272JA01J,Murata Electronics,CAP CER 2700PF 50V C0G/NP0 0805,Capacitor,SchLib\Capacitor.SchLib,0805_CAPC2012X13N,PcbLib\Capacitor.PcbLib,0805_CAPC2012X13L,PcbLib\Capacitor.PcbLib,0805_CAPC2012X13M,PcbLib\Capacitor.PcbLib,GRM,2700pF,2700pF,5.00%,50V,"C0G, NP0",-55°C ~ 125°C,"Surface Mount, MLCC",0805 (2012 Metric),"0.079"" L x 0.049"" W (2.00mm x 1.25mm)","0.028"" (0.70mm)"
CAP-MUR-GRN-0805-00132,490-1629-1-ND,GRM2165C1H242JA01D,Murata Electronics,CAP CER 2400PF 50V C0G/NP0 0805,Capacitor,SchLib\Capacitor.SchLib,0805_CAPC2012X13N,PcbLib\Capacitor.PcbLib,0805_CAPC2012X13L,PcbLib\Capacitor.PcbLib,0805_CAPC2012X13M,PcbLib\Capacitor.PcbLib,GRM,2400pF,2400pF,5.00%,50V,"C0G, NP0",-55°C ~ 125°C,"Surface Mount, MLCC",0805 (2012 Metric),"0.079"" L x 0.049"" W (2.00mm x 1.25mm)","0.028"" (0.70mm)"
CAP-MUR-GRN-0805-00133,490-3319-1-ND,GRM2165C1H432JA01D,Murata Electronics,CAP CER 4300PF 50V C0G/NP0 0805,Capacitor,SchLib\Capacitor.SchLib,0805_CAPC2012X13N,PcbLib\Capacitor.PcbLib,0805_CAPC2012X13L,PcbLib\Capacitor.PcbLib,0805_CAPC2012X13M,PcbLib\Capacitor.PcbLib,GRM,4300pF,4300pF,5.00%,50V,"C0G, NP0",-55°C ~ 125°C,"Surface Mount, MLCC",0805 (2012 Metric),"0.079"" L x 0.049"" W (2.00mm x 1.25mm)","0.028"" (0.70mm)"
CAP-MUR-GRN-0805-00134,490-3318-1-ND,GRM2165C1H362JA01D,Murata Electronics,CAP CER 3600PF 50V C0G/NP0 0805,Capacitor,SchLib\Capacitor.SchLib,0805_CAPC2012X13N,PcbLib\Capacitor.PcbLib,0805_CAPC2012X13L,PcbLib\Capacitor.PcbLib,0805_CAPC2012X13M,PcbLib\Capacitor.PcbLib,GRM,3600pF,3600pF,5.00%,50V,"C0G, NP0",-55°C ~ 125°C,"Surface Mount, MLCC",0805 (2012 Metric),"0.079"" L x 0.049"" W (2.00mm x 1.25mm)","0.028"" (0.70mm)"
CAP-MUR-GRN-0805-00135,490-13369-1-ND,GRM2165C2A272JA01D,Murata Electronics,CAP CER 2700PF 100V C0G/NP0 0805,Capacitor,SchLib\Capacitor.SchLib,0805_CAPC2012X13N,PcbLib\Capacitor.PcbLib,0805_CAPC2012X13L,PcbLib\Capacitor.PcbLib,0805_CAPC2012X13M,PcbLib\Capacitor.PcbLib,GRM,2700pF,2700pF,5.00%,100V,"C0G, NP0",-55°C ~ 125°C,"Surface Mount, MLCC",0805 (2012 Metric),"0.079"" L x 0.049"" W (2.00mm x 1.25mm)","0.028"" (0.70mm)"
CAP-MUR-GRN-0805-00136,490-14872-1-ND,GRM2165C2A242JA01D,Murata Electronics,CAP CER 2400PF 100V NP0 0805,Capacitor,SchLib\Capacitor.SchLib,0805_CAPC2012X13N,PcbLib\Capacitor.PcbLib,0805_CAPC2012X13L,PcbLib\Capacitor.PcbLib,0805_CAPC2012X13M,PcbLib\Capacitor.PcbLib,GRM,2400pF,2400pF,5.00%,100V,"C0G, NP0",-55°C ~ 125°C,"Surface Mount, MLCC",0805 (2012 Metric),"0.079"" L x 0.049"" W (2.00mm x 1.25mm)","0.028"" (0.70mm)"
CAP-MUR-GRN-0805-00137,490-12003-1-ND,GRM21A7U2E101JW31D,Murata Electronics,CAP CER 100PF 250V U2J 0805,Capacitor,SchLib\Capacitor.SchLib,0805_CAPC2012X13N,PcbLib\Capacitor.PcbLib,0805_CAPC2012X13L,PcbLib\Capacitor.PcbLib,0805_CAPC2012X13M,PcbLib\Capacitor.PcbLib,GRM,100pF,100pF,5.00%,250V,U2J,-55°C ~ 125°C,"Surface Mount, MLCC",0805 (2012 Metric),"0.079"" L x 0.049"" W (2.00mm x 1.25mm)","0.039"" (1.00mm)"
CAP-MUR-GRN-0805-00138,490-6457-1-ND,GRM21A7U2E121JW31D,Murata Electronics,CAP CER 120PF 250V U2J 0805,Capacitor,SchLib\Capacitor.SchLib,0805_CAPC2012X13N,PcbLib\Capacitor.PcbLib,0805_CAPC2012X13L,PcbLib\Capacitor.PcbLib,0805_CAPC2012X13M,PcbLib\Capacitor.PcbLib,GRM,120pF,120pF,5.00%,250V,U2J,-55°C ~ 125°C,"Surface Mount, MLCC",0805 (2012 Metric),"0.079"" L x 0.049"" W (2.00mm x 1.25mm)","0.039"" (1.00mm)"
CAP-MUR-GRN-0805-00139,490-6459-1-ND,GRM21A7U2E222JW31D,Murata Electronics,CAP CER 2200PF 250V U2J 0805,Capacitor,SchLib\Capacitor.SchLib,0805_CAPC2012X13N,PcbLib\Capacitor.PcbLib,0805_CAPC2012X13L,PcbLib\Capacitor.PcbLib,0805_CAPC2012X13M,PcbLib\Capacitor.PcbLib,GRM,2200pF,2200pF,5.00%,250V,U2J,-55°C ~ 125°C,"Surface Mount, MLCC",0805 (2012 Metric),"0.079"" L x 0.049"" W (2.00mm x 1.25mm)","0.039"" (1.00mm)"
CAP-MUR-GRN-0805-00140,490-17852-1-ND,GRM21A7U2E821JW31D,Murata Electronics,CAP CER 820PF 250V U2J 0805,Capacitor,SchLib\Capacitor.SchLib,0805_CAPC2012X13N,PcbLib\Capacitor.PcbLib,0805_CAPC2012X13L,PcbLib\Capacitor.PcbLib,0805_CAPC2012X13M,PcbLib\Capacitor.PcbLib,GRM,820pF,820pF,5.00%,250V,U2J,-55°C ~ 125°C,"Surface Mount, MLCC",0805 (2012 Metric),"0.079"" L x 0.049"" W (2.00mm x 1.25mm)","0.039"" (1.00mm)"
CAP-MUR-GRN-0805-00141,490-11589-1-ND,GRM21A7U2E331JW31D,Murata Electronics,CAP CER 330PF 250V U2J 0805,Capacitor,SchLib\Capacitor.SchLib,0805_CAPC2012X13N,PcbLib\Capacitor.PcbLib,0805_CAPC2012X13L,PcbLib\Capacitor.PcbLib,0805_CAPC2012X13M,PcbLib\Capacitor.PcbLib,GRM,330pF,330pF,5.00%,250V,U2J,-55°C ~ 125°C,"Surface Mount, MLCC",0805 (2012 Metric),"0.079"" L x 0.049"" W (2.00mm x 1.25mm)","0.039"" (1.00mm)"
CAP-MUR-GRN-0805-00142,490-13372-1-ND,GRM21A7U2E561JW31D,Murata Electronics,CAP CER 560PF 250V U2J 0805,Capacitor,SchLib\Capacitor.SchLib,0805_CAPC2012X13N,PcbLib\Capacitor.PcbLib,0805_CAPC2012X13L,PcbLib\Capacitor.PcbLib,0805_CAPC2012X13M,PcbLib\Capacitor.PcbLib,GRM,560pF,560pF,5.00%,250V,U2J,-55°C ~ 125°C,"Surface Mount, MLCC",0805 (2012 Metric),"0.079"" L x 0.049"" W (2.00mm x 1.25mm)","0.039"" (1.00mm)"
CAP-MUR-GRN-0805-00143,490-12751-1-ND,GRM2195C1H103JA01J,Murata Electronics,CAP CER 10000PF 50V C0G/NP0 0805,Capacitor,SchLib\Capacitor.SchLib,0805_CAPC2012X13N,PcbLib\Capacitor.PcbLib,0805_CAPC2012X13L,PcbLib\Capacitor.PcbLib,0805_CAPC2012X13M,PcbLib\Capacitor.PcbLib,GRM,10000pF,10000pF,5.00%,50V,"C0G, NP0",-55°C ~ 125°C,"Surface Mount, MLCC",0805 (2012 Metric),"0.079"" L x 0.049"" W (2.00mm x 1.25mm)","0.037"" (0.95mm)"
CAP-MUR-GRN-0805-00144,490-14650-1-ND,GRM21A5C2D220JW01D,Murata Electronics,CAP CER 22PF 200V C0G/NP0 0805,Capacitor,SchLib\Capacitor.SchLib,0805_CAPC2012X13N,PcbLib\Capacitor.PcbLib,0805_CAPC2012X13L,PcbLib\Capacitor.PcbLib,0805_CAPC2012X13M,PcbLib\Capacitor.PcbLib,GRM,22pF,22pF,5.00%,200V,"C0G, NP0",-55°C ~ 125°C,"Surface Mount, MLCC",0805 (2012 Metric),"0.079"" L x 0.049"" W (2.00mm x 1.25mm)","0.051"" (1.30mm)"
CAP-MUR-GRN-0805-00145,490-16818-1-ND,GRM21A5C2D820JW01D,Murata Electronics,CAP CER 82PF 200V NP0 0805,Capacitor,SchLib\Capacitor.SchLib,0805_CAPC2012X13N,PcbLib\Capacitor.PcbLib,0805_CAPC2012X13L,PcbLib\Capacitor.PcbLib,0805_CAPC2012X13M,PcbLib\Capacitor.PcbLib,GRM,82pF,82pF,5.00%,200V,"C0G, NP0",-55°C ~ 125°C,"Surface Mount, MLCC",0805 (2012 Metric),"0.079"" L x 0.049"" W (2.00mm x 1.25mm)","0.051"" (1.30mm)"
CAP-MUR-GRN-0805-00146,490-12755-1-ND,GRM21A5C2E151JW01D,Murata Electronics,CAP CER 150PF 250V C0G/NP0 0805,Capacitor,SchLib\Capacitor.SchLib,0805_CAPC2012X13N,PcbLib\Capacitor.PcbLib,0805_CAPC2012X13L,PcbLib\Capacitor.PcbLib,0805_CAPC2012X13M,PcbLib\Capacitor.PcbLib,GRM,150pF,150pF,5.00%,250V,"C0G, NP0",-55°C ~ 125°C,"Surface Mount, MLCC",0805 (2012 Metric),"0.079"" L x 0.049"" W (2.00mm x 1.25mm)","0.051"" (1.30mm)"
CAP-MUR-GRN-0805-00147,490-16816-1-ND,GRM21A5C2D120JW01D,Murata Electronics,CAP CER 12PF 200V NP0 0805,Capacitor,SchLib\Capacitor.SchLib,0805_CAPC2012X13N,PcbLib\Capacitor.PcbLib,0805_CAPC2012X13L,PcbLib\Capacitor.PcbLib,0805_CAPC2012X13M,PcbLib\Capacitor.PcbLib,GRM,12pF,12pF,5.00%,200V,"C0G, NP0",-55°C ~ 125°C,"Surface Mount, MLCC",0805 (2012 Metric),"0.079"" L x 0.049"" W (2.00mm x 1.25mm)","0.051"" (1.30mm)"
CAP-MUR-GRN-0805-00148,490-14651-1-ND,GRM21A5C2D330JW01D,Murata Electronics,CAP CER 33PF 200V C0G/NP0 0805,Capacitor,SchLib\Capacitor.SchLib,0805_CAPC2012X13N,PcbLib\Capacitor.PcbLib,0805_CAPC2012X13L,PcbLib\Capacitor.PcbLib,0805_CAPC2012X13M,PcbLib\Capacitor.PcbLib,GRM,33pF,33pF,5.00%,200V,"C0G, NP0",-55°C ~ 125°C,"Surface Mount, MLCC",0805 (2012 Metric),"0.079"" L x 0.049"" W (2.00mm x 1.25mm)","0.051"" (1.30mm)"
CAP-MUR-GRN-0805-00149,490-13367-1-ND,GRM2165C1H332GA01D,Murata Electronics,CAP CER 3300PF 50V C0G/NP0 0805,Capacitor,SchLib\Capacitor.SchLib,0805_CAPC2012X13N,PcbLib\Capacitor.PcbLib,0805_CAPC2012X13L,PcbLib\Capacitor.PcbLib,0805_CAPC2012X13M,PcbLib\Capacitor.PcbLib,GRM,3300pF,3300pF,2.00%,50V,"C0G, NP0",-55°C ~ 125°C,"Surface Mount, MLCC",0805 (2012 Metric),"0.079"" L x 0.049"" W (2.00mm x 1.25mm)","0.028"" (0.70mm)"
CAP-MUR-GRN-0805-00150,490-5531-1-ND,GRM21A5C2E120JW01D,Murata Electronics,CAP CER 12PF 250V C0G/NP0 0805,Capacitor,SchLib\Capacitor.SchLib,0805_CAPC2012X13N,PcbLib\Capacitor.PcbLib,0805_CAPC2012X13L,PcbLib\Capacitor.PcbLib,0805_CAPC2012X13M,PcbLib\Capacitor.PcbLib,GRM,12pF,12pF,5.00%,250V,"C0G, NP0",-55°C ~ 125°C,"Surface Mount, MLCC",0805 (2012 Metric),"0.079"" L x 0.049"" W (2.00mm x 1.25mm)","0.039"" (1.00mm)"
CAP-MUR-GRN-0805-00151,490-5539-1-ND,GRM21A5C2E560JW01D,Murata Electronics,CAP CER 56PF 250V C0G/NP0 0805,Capacitor,SchLib\Capacitor.SchLib,0805_CAPC2012X13N,PcbLib\Capacitor.PcbLib,0805_CAPC2012X13L,PcbLib\Capacitor.PcbLib,0805_CAPC2012X13M,PcbLib\Capacitor.PcbLib,GRM,56pF,56pF,5.00%,250V,"C0G, NP0",-55°C ~ 125°C,"Surface Mount, MLCC",0805 (2012 Metric),"0.079"" L x 0.049"" W (2.00mm x 1.25mm)","0.039"" (1.00mm)"
CAP-MUR-GRN-0805-00152,490-14655-1-ND,GRM21B7U2E392JW32L,Murata Electronics,CAP CER 3900PF 250V U2J 0805,Capacitor,SchLib\Capacitor.SchLib,0805_CAPC2012X13N,PcbLib\Capacitor.PcbLib,0805_CAPC2012X13L,PcbLib\Capacitor.PcbLib,0805_CAPC2012X13M,PcbLib\Capacitor.PcbLib,GRM,3900pF,3900pF,5.00%,250V,U2J,-55°C ~ 125°C,"Surface Mount, MLCC",0805 (2012 Metric),"0.079"" L x 0.049"" W (2.00mm x 1.25mm)","0.053"" (1.35mm)"
CAP-MUR-GRN-0805-00153,490-12004-1-ND,GRM21B7U2E472JW32L,Murata Electronics,CAP CER 4700PF 250V U2J 0805,Capacitor,SchLib\Capacitor.SchLib,0805_CAPC2012X13N,PcbLib\Capacitor.PcbLib,0805_CAPC2012X13L,PcbLib\Capacitor.PcbLib,0805_CAPC2012X13M,PcbLib\Capacitor.PcbLib,GRM,4700pF,4700pF,5.00%,250V,U2J,-55°C ~ 125°C,"Surface Mount, MLCC",0805 (2012 Metric),"0.079"" L x 0.049"" W (2.00mm x 1.25mm)","0.053"" (1.35mm)"
CAP-MUR-GRN-0805-00154,490-1641-1-ND,GRM2195C1H912JA01D,Murata Electronics,CAP CER 9100PF 50V C0G/NP0 0805,Capacitor,SchLib\Capacitor.SchLib,0805_CAPC2012X13N,PcbLib\Capacitor.PcbLib,0805_CAPC2012X13L,PcbLib\Capacitor.PcbLib,0805_CAPC2012X13M,PcbLib\Capacitor.PcbLib,GRM,9100pF,9100pF,5.00%,50V,"C0G, NP0",-55°C ~ 125°C,"Surface Mount, MLCC",0805 (2012 Metric),"0.079"" L x 0.049"" W (2.00mm x 1.25mm)","0.037"" (0.95mm)"
CAP-MUR-GRN-0805-00155,490-14663-1-ND,GRM21BR61H475ME51L,Murata Electronics,CAP CER 4.7UF 50V X5R 0805,Capacitor,SchLib\Capacitor.SchLib,0805_CAPC2012X13N,PcbLib\Capacitor.PcbLib,0805_CAPC2012X13L,PcbLib\Capacitor.PcbLib,0805_CAPC2012X13M,PcbLib\Capacitor.PcbLib,GRM,4.7uF,4.7uF,20.00%,50V,X5R,-55°C ~ 85°C,"Surface Mount, MLCC",0805 (2012 Metric),"0.079"" L x 0.049"" W (2.00mm x 1.25mm)","0.055"" (1.40mm)"
CAP-MUR-GRN-0805-00156,490-12752-1-ND,GRM2195C1H133JA01D,Murata Electronics,CAP CER 0.013UF 50V C0G/NP0 0805,Capacitor,SchLib\Capacitor.SchLib,0805_CAPC2012X13N,PcbLib\Capacitor.PcbLib,0805_CAPC2012X13L,PcbLib\Capacitor.PcbLib,0805_CAPC2012X13M,PcbLib\Capacitor.PcbLib,GRM,0.013uF,0.013uF,5.00%,50V,"C0G, NP0",-55°C ~ 125°C,"Surface Mount, MLCC",0805 (2012 Metric),"0.079"" L x 0.049"" W (2.00mm x 1.25mm)","0.037"" (0.95mm)"
CAP-MUR-GRN-0805-00157,490-16325-1-ND,GRM21BC81E106KE51K,Murata Electronics,CAP CER 10UF 25V X6S 0805,Capacitor,SchLib\Capacitor.SchLib,0805_CAPC2012X13N,PcbLib\Capacitor.PcbLib,0805_CAPC2012X13L,PcbLib\Capacitor.PcbLib,0805_CAPC2012X13M,PcbLib\Capacitor.PcbLib,GRM,10uF,10uF,10.00%,25V,X6S,-55°C ~ 105°C,"Surface Mount, MLCC",0805 (2012 Metric),"0.079"" L x 0.049"" W (2.00mm x 1.25mm)","0.053"" (1.35mm)"
CAP-MUR-GRN-0805-00158,490-14659-1-ND,GRM21BD70J226ME44L,Murata Electronics,CAP CER 22UF 6.3V X7T 0805,Capacitor,SchLib\Capacitor.SchLib,0805_CAPC2012X13N,PcbLib\Capacitor.PcbLib,0805_CAPC2012X13L,PcbLib\Capacitor.PcbLib,0805_CAPC2012X13M,PcbLib\Capacitor.PcbLib,GRM,22uF,22uF,20.00%,6.3V,X7T,-55°C ~ 125°C,"Surface Mount, MLCC",0805 (2012 Metric),"0.079"" L x 0.049"" W (2.00mm x 1.25mm)","0.057"" (1.45mm)"
CAP-MUR-GRN-0805-00159,490-8309-1-ND,GRM21B7U1H433JA01L,Murata Electronics,CAP CER 0.043UF 50V U2J 0805,Capacitor,SchLib\Capacitor.SchLib,0805_CAPC2012X13N,PcbLib\Capacitor.PcbLib,0805_CAPC2012X13L,PcbLib\Capacitor.PcbLib,0805_CAPC2012X13M,PcbLib\Capacitor.PcbLib,GRM,0.043uF,0.043uF,5.00%,50V,U2J,-55°C ~ 125°C,"Surface Mount, MLCC",0805 (2012 Metric),"0.079"" L x 0.049"" W (2.00mm x 1.25mm)","0.053"" (1.35mm)"
CAP-MUR-GRN-0805-00160,490-9954-1-ND,GRM21BC80G476ME15L,Murata Electronics,CAP CER 47UF 4V X6S 0805,Capacitor,SchLib\Capacitor.SchLib,0805_CAPC2012X13N,PcbLib\Capacitor.PcbLib,0805_CAPC2012X13L,PcbLib\Capacitor.PcbLib,0805_CAPC2012X13M,PcbLib\Capacitor.PcbLib,GRM,47uF,47uF,20.00%,4V,X6S,-55°C ~ 105°C,"Surface Mount, MLCC",0805 (2012 Metric),"0.079"" L x 0.049"" W (2.00mm x 1.25mm)","0.057"" (1.45mm)"
CAP-MUR-GRN-0805-00161,490-14656-1-ND,GRM21BC71H475KE11K,Murata Electronics,CAP CER 4.7UF 50V X7S 0805,Capacitor,SchLib\Capacitor.SchLib,0805_CAPC2012X13N,PcbLib\Capacitor.PcbLib,0805_CAPC2012X13L,PcbLib\Capacitor.PcbLib,0805_CAPC2012X13M,PcbLib\Capacitor.PcbLib,GRM,4.7uF,4.7uF,10.00%,50V,X7S,-55°C ~ 125°C,"Surface Mount, MLCC",0805 (2012 Metric),"0.079"" L x 0.049"" W (2.00mm x 1.25mm)","0.057"" (1.45mm)"
CAP-MUR-GRN-0805-00162,490-12609-1-ND,GRM2195C1H822FA01D,Murata Electronics,CAP CER 8200PF 50V C0G/NP0 0805,Capacitor,SchLib\Capacitor.SchLib,0805_CAPC2012X13N,PcbLib\Capacitor.PcbLib,0805_CAPC2012X13L,PcbLib\Capacitor.PcbLib,0805_CAPC2012X13M,PcbLib\Capacitor.PcbLib,GRM,8200pF,8200pF,1.00%,50V,"C0G, NP0",-55°C ~ 125°C,"Surface Mount, MLCC",0805 (2012 Metric),"0.079"" L x 0.049"" W (2.00mm x 1.25mm)","0.037"" (0.95mm)"
CAP-MUR-GRN-0805-00163,490-11581-1-ND,GRM2195C1H153GA01D,Murata Electronics,CAP CER 0.015UF 50V C0G/NP0 0805,Capacitor,SchLib\Capacitor.SchLib,0805_CAPC2012X13N,PcbLib\Capacitor.PcbLib,0805_CAPC2012X13L,PcbLib\Capacitor.PcbLib,0805_CAPC2012X13M,PcbLib\Capacitor.PcbLib,GRM,0.015uF,0.015uF,2.00%,50V,"C0G, NP0",-55°C ~ 125°C,"Surface Mount, MLCC",0805 (2012 Metric),"0.079"" L x 0.049"" W (2.00mm x 1.25mm)","0.037"" (0.95mm)"
CAP-MUR-GRN-0805-00164,490-11580-1-ND,GRM2195C1H123GA01D,Murata Electronics,CAP CER 0.012UF 50V C0G/NP0 0805,Capacitor,SchLib\Capacitor.SchLib,0805_CAPC2012X13N,PcbLib\Capacitor.PcbLib,0805_CAPC2012X13L,PcbLib\Capacitor.PcbLib,0805_CAPC2012X13M,PcbLib\Capacitor.PcbLib,GRM,0.012uF,0.012uF,2.00%,50V,"C0G, NP0",-55°C ~ 125°C,"Surface Mount, MLCC",0805 (2012 Metric),"0.079"" L x 0.049"" W (2.00mm x 1.25mm)","0.037"" (0.95mm)"
CAP-MUR-GRN-0805-00165,490-11591-1-ND,GRM21B5C1H183FA01L,Murata Electronics,CAP CER 0.018UF 50V C0G/NP0 0805,Capacitor,SchLib\Capacitor.SchLib,0805_CAPC2012X13N,PcbLib\Capacitor.PcbLib,0805_CAPC2012X13L,PcbLib\Capacitor.PcbLib,0805_CAPC2012X13M,PcbLib\Capacitor.PcbLib,GRM,0.018uF,0.018uF,1.00%,50V,"C0G, NP0",-55°C ~ 125°C,"Surface Mount, MLCC",0805 (2012 Metric),"0.079"" L x 0.049"" W (2.00mm x 1.25mm)","0.053"" (1.35mm)"
CAP-MUR-GRN-0805-00166,490-14644-1-ND,GRM219R61E475MA73D,Murata Electronics,CAP CER 4.7UF 25V X5R 0805,Capacitor,SchLib\Capacitor.SchLib,0805_CAPC2012X13N,PcbLib\Capacitor.PcbLib,0805_CAPC2012X13L,PcbLib\Capacitor.PcbLib,0805_CAPC2012X13M,PcbLib\Capacitor.PcbLib,GRM,4.7uF,4.7uF,20.00%,25V,X5R,-55°C ~ 85°C,"Surface Mount, MLCC",0805 (2012 Metric),"0.079"" L x 0.049"" W (2.00mm x 1.25mm)","0.037"" (0.95mm)"
CAP-MUR-GRN-0805-00167,490-17851-1-ND,GRM21A5C2D181JW01D,Murata Electronics,CAP CER 180PF 200V NP0 0805,Capacitor,SchLib\Capacitor.SchLib,0805_CAPC2012X13N,PcbLib\Capacitor.PcbLib,0805_CAPC2012X13L,PcbLib\Capacitor.PcbLib,0805_CAPC2012X13M,PcbLib\Capacitor.PcbLib,GRM,180pF,180pF,5.00%,200V,"C0G, NP0",-55°C ~ 125°C,"Surface Mount, MLCC",0805 (2012 Metric),"0.079"" L x 0.049"" W (2.00mm x 1.25mm)","0.051"" (1.30mm)"
CAP-MUR-GRN-0805-00168,490-9958-1-ND,GRM21BC81E106ME11L,Murata Electronics,CAP CER 10UF 25V X6S 0805,Capacitor,SchLib\Capacitor.SchLib,0805_CAPC2012X13N,PcbLib\Capacitor.PcbLib,0805_CAPC2012X13L,PcbLib\Capacitor.PcbLib,0805_CAPC2012X13M,PcbLib\Capacitor.PcbLib,GRM,10uF,10uF,20.00%,25V,X6S,-55°C ~ 105°C,"Surface Mount, MLCC",0805 (2012 Metric),"0.079"" L x 0.049"" W (2.00mm x 1.25mm)","0.057"" (1.45mm)"
CAP-MUR-GRN-0805-00169,490-6463-1-ND,GRM21B7U1H473JA01L,Murata Electronics,CAP CER 0.047UF 50V U2J 0805,Capacitor,SchLib\Capacitor.SchLib,0805_CAPC2012X13N,PcbLib\Capacitor.PcbLib,0805_CAPC2012X13L,PcbLib\Capacitor.PcbLib,0805_CAPC2012X13M,PcbLib\Capacitor.PcbLib,GRM,0.047uF,0.047uF,5.00%,50V,U2J,-55°C ~ 125°C,"Surface Mount, MLCC",0805 (2012 Metric),"0.079"" L x 0.049"" W (2.00mm x 1.25mm)","0.053"" (1.35mm)"
CAP-MUR-GRN-0805-00170,490-10747-1-ND,GRM21BR61C226ME44L,Murata Electronics,CAP CER 22UF 16V X5R 0805,Capacitor,SchLib\Capacitor.SchLib,0805_CAPC2012X13N,PcbLib\Capacitor.PcbLib,0805_CAPC2012X13L,PcbLib\Capacitor.PcbLib,0805_CAPC2012X13M,PcbLib\Capacitor.PcbLib,GRM,22uF,22uF,20.00%,16V,X5R,-55°C ~ 85°C,"Surface Mount, MLCC",0805 (2012 Metric),"0.079"" L x 0.049"" W (2.00mm x 1.25mm)","0.057"" (1.45mm)"
CAP-MUR-GRN-0805-00171,490-17854-1-ND,GRM21B5C1H183GA01L,Murata Electronics,CAP CER 0.018UF 50V C0G/NP0 0805,Capacitor,SchLib\Capacitor.SchLib,0805_CAPC2012X13N,PcbLib\Capacitor.PcbLib,0805_CAPC2012X13L,PcbLib\Capacitor.PcbLib,0805_CAPC2012X13M,PcbLib\Capacitor.PcbLib,GRM,0.018uF,0.018uF,2.00%,50V,"C0G, NP0",-55°C ~ 125°C,"Surface Mount, MLCC",0805 (2012 Metric),"0.079"" L x 0.049"" W (2.00mm x 1.25mm)","0.053"" (1.35mm)"
CAP-MUR-GRN-0805-00172,490-13980-1-ND,GRM21BR60G107ME11L,Murata Electronics,CAP CER 100UF 4V X5R 0805,Capacitor,SchLib\Capacitor.SchLib,0805_CAPC2012X13N,PcbLib\Capacitor.PcbLib,0805_CAPC2012X13L,PcbLib\Capacitor.PcbLib,0805_CAPC2012X13M,PcbLib\Capacitor.PcbLib,GRM,100uF,100uF,20.00%,4V,X5R,-55°C ~ 85°C,"Surface Mount, MLCC",0805 (2012 Metric),"0.079"" L x 0.049"" W (2.00mm x 1.25mm)","0.057"" (1.45mm)"
CAP-MUR-GRN-0805-00173,490-11588-1-ND,GRM21A7U2E122JW31D,Murata Electronics,CAP CER 1200PF 250V U2J 0805,Capacitor,SchLib\Capacitor.SchLib,0805_CAPC2012X13N,PcbLib\Capacitor.PcbLib,0805_CAPC2012X13L,PcbLib\Capacitor.PcbLib,0805_CAPC2012X13M,PcbLib\Capacitor.PcbLib,GRM,1200pF,1200pF,5.00%,250V,U2J,-55°C ~ 125°C,"Surface Mount, MLCC",0805 (2012 Metric),"0.079"" L x 0.049"" W (2.00mm x 1.25mm)","0.039"" (1.00mm)"
CAP-MUR-GRN-0805-00174,490-18663-1-ND,GRM21BR61H106KE43L,Murata Electronics,0805 (2012MM) X5R (EIA) 50VDC 10,Capacitor,SchLib\Capacitor.SchLib,0805_CAPC2012X13N,PcbLib\Capacitor.PcbLib,0805_CAPC2012X13L,PcbLib\Capacitor.PcbLib,0805_CAPC2012X13M,PcbLib\Capacitor.PcbLib,GRM,10uF,10uF,10.00%,50V,X5R,-55°C ~ 85°C,"Surface Mount, MLCC",0805 (2012 Metric),"0.079"" L x 0.049"" W (2.00mm x 1.25mm)","0.057"" (1.45mm)"
CAP-MUR-GRN-0805-00175,490-18664-1-ND,GRM21BR61H106ME43L,Murata Electronics,0805 (2012MM) X5R (EIA) 50VDC 10,Capacitor,SchLib\Capacitor.SchLib,0805_CAPC2012X13N,PcbLib\Capacitor.PcbLib,0805_CAPC2012X13L,PcbLib\Capacitor.PcbLib,0805_CAPC2012X13M,PcbLib\Capacitor.PcbLib,GRM,10uF,10uF,20.00%,50V,X5R,-55°C ~ 85°C,"Surface Mount, MLCC",0805 (2012 Metric),"0.079"" L x 0.049"" W (2.00mm x 1.25mm)","0.057"" (1.45mm)"
CAP-MUR-GRN-0805-00176,490-9961-1-ND,GRM21BR61A476ME15L,Murata Electronics,CAP CER 47UF 10V X5R 0805,Capacitor,SchLib\Capacitor.SchLib,0805_CAPC2012X13N,PcbLib\Capacitor.PcbLib,0805_CAPC2012X13L,PcbLib\Capacitor.PcbLib,0805_CAPC2012X13M,PcbLib\Capacitor.PcbLib,GRM,47uF,47uF,20.00%,10V,X5R,-55°C ~ 85°C,"Surface Mount, MLCC",0805 (2012 Metric),"0.079"" L x 0.049"" W (2.00mm x 1.25mm)","0.057"" (1.45mm)"
